hash,date,files,deletions,insertions,lines
0c8ccc508b8d6e328537a5d4e405b5f179f33e7c,2023-04-07 11:56:46+08:00,1,11,15,26
3c58a29652db7e9c03206d9b40adfb285664a4e5,2023-04-07 09:37:25+02:00,3,6,6,12
5bcc5a347f6d770e63256f526c1f381301624f54,2023-04-07 15:40:46+08:00,1,1,1,2
a1cc204870dd2567b157afc6c257a82c96ff36a1,2023-04-07 16:42:09+09:00,2,102,106,208
1b8d562424e4cbd476986b07540c0bfb9475722f,2023-04-07 15:47:16+08:00,3,9,9,18
8567b8ee8567512b89d1f22082bbc1534530fc9a,2023-04-07 15:51:26+08:00,1,1,3,4
36b9cf0f7fd7d7ae5b516b5fc8232308cecc3aee,2023-04-07 15:52:21+08:00,1,4,6,10
b2522b483dfa2e7d5cb00e2bef443eb558ad0ea1,2023-04-07 12:38:27+08:00,2,3,7,10
504fe8c8978cf2e963ba0d1377fb3c8390aada99,2023-04-07 16:02:38+08:00,1,1,1,2
9c40f31a81dce007409741836621c305e507009c,2023-04-07 10:07:16+02:00,1,2,2,4
75d25e27d10f18cd3249472968a6372b39f900e2,2023-04-07 16:08:01+08:00,1,1,1,2
ac3f2575d7414fcefd79854924d292413a7d9ef6,2023-04-07 16:11:37+08:00,3,2,14,16
354382875288a07e6144f2f6485efbb3eba3251f,2023-04-07 10:12:57+02:00,1,2,3,5
dd4ace8cbdbd794bcdedd212fcf0e83e9251534e,2023-04-07 10:39:19+02:00,3,181,132,313
b34a1a938137d84c9cc111595e00c3109ef6c31c,2023-04-07 22:15:40+08:00,1,1,1,2
468592351da987b452c4058508b24f0cf0eb009a,2023-04-07 23:53:51+08:00,3,14,2,16
38e54b6a7a8ebca6e2953c64cf6c5981e7222ef2,2023-04-08 08:44:02+09:00,2,104,108,212
5fba81b34d17a65ad01f7d2ae045d7b15fe98195,2023-04-09 11:57:00+09:00,2,104,108,212
6058bc84cbe0b376adaffb3c9f28d0d2f885d41b,2023-04-09 11:25:23+08:00,1,7,17,24
1e8fc684e57f078b3540c2fda885e44c0a3b12c8,2023-04-09 14:11:07+08:00,4,12,113,125
2c9a71186c3b3360fee563e5ec91b3e143c1a931,2023-04-10 15:58:52+09:00,2,104,108,212
a231f31a117aa9f03ba16009a3da81d10b3e7d87,2023-04-10 16:49:32+08:00,1,1,4,5
747557ea8048b9f776b2af1135fa95cd358e80ba,2023-04-10 19:02:59+08:00,3,6,7,13
6ca57ef3c388adb7aad03db6838c953512c4fe5f,2023-04-07 15:01:58+08:00,4,22,28,50
7134c19aabb73f594e6bc04e3934494d680d3316,2023-04-07 16:45:12+08:00,2,10,87,97
bc9f3fd4063d0a6961ecce1fbae4581110b06408,2023-04-10 21:03:46+08:00,1,5,10,15
bcca92ada8e057bf4567aeb4cf04240cda1ca400,2023-04-10 21:18:31+08:00,1,1,5,6
8ae968a2edf93e8e38fe22a990d2618be71f1944,2023-04-11 09:30:59+09:00,2,103,107,210
eb63bf7fe463d14da020381fab9d639bef2daa47,2023-04-11 20:33:28+08:00,1,1,1,2
62e119882b2cca72b5318ea8569813202bfc8a5a,2023-04-11 14:37:12+08:00,2,29,51,80
b097a99d8c5b76175cced579000ce6338c792156,2023-04-11 14:46:13+08:00,1,6,6,12
70bdb9ed2de2821a48b9e08d8bb01a6b23e16505,2023-04-11 14:58:18+08:00,1,7,7,14
abe45e4d0e0a8e617e8c898ec92fa6dbd59d738e,2023-04-11 15:55:37+08:00,1,2,2,4
ba274ec1b0d060ecabf2356efd4b409999a715b3,2023-04-12 09:46:38+09:00,2,103,107,210
a03c0715bcf1134ea123dc0d513a89ab56f510a4,2023-04-12 17:13:24+08:00,2,2,2,4
527959f9356c4dec69ab9481454dbf9d03e4bebb,2023-04-13 09:44:31+09:00,2,108,108,216
8b7f3eae2279b4eeea79ce14f4aca7344786fb5f,2023-04-14 11:59:52+09:00,2,108,108,216
6c432d48509a8b21741c428dbaf382e1438e9773,2023-04-14 12:08:18+08:00,3,6,7,13
2985e3f1bd5cf14e55b404993c32e8502adaa697,2023-04-14 16:27:56+08:00,2,1,6,7
4d339162a5e1abc85460d5178baedb0be28ecae0,2023-04-15 10:56:52+09:00,2,112,112,224
75e78448e27e3c37aa6e93d5d625fc978f7ad02b,2023-04-16 11:09:52+09:00,2,113,113,226
cc16e227062b02c8f58cfb60da201e1ae1256c52,2023-04-16 22:34:33+08:00,1,20,20,40
5988b0ea4239c0bf2c97942dbc0bb09cb164fefa,2023-04-17 23:37:57+09:00,2,112,112,224
cdd9e39b925ce15983bba273ea8e8c948514bd05,2023-04-18 10:23:41+09:00,2,113,113,226
2fdf292db476f2f376a0d4412e04f57f29db0b45,2023-04-19 12:59:20+09:00,2,2,160,162
8bb88b7cb468f1ec5c78ce074d74789e54f0a74c,2023-04-19 12:59:29+09:00,2,110,110,220
57e2eb498f559b016dfadc932282a360d773ac4a,2023-04-19 14:12:32+08:00,4,4,16,20
ca0f5e9288fc7032a28423d0f929273ba7c60246,2023-04-19 14:44:30+08:00,3,6,7,13
8715ff935353bf15580c4b4133f6c17e4a4a38b2,2023-04-20 11:08:22+09:00,2,152,152,304
72c847e2b1213ae3e2f415b2975caf001ff0ca6e,2023-04-20 11:42:01+08:00,1,3,3,6
b91da1d6ccd68c94daf794688bba084be5039e7f,2023-04-13 12:25:03+08:00,1,0,2,2
f57e6e06f2f3b546407e1fc957b616189a731986,2023-04-13 13:31:24+08:00,1,0,9,9
9238f7c154ec66200021041186f269229f8126b5,2023-04-13 17:07:20+08:00,1,0,1,1
d0198b9545ba5f6f3f669e16ccc1c87efd111452,2023-04-13 18:54:35+08:00,3,25,27,52
0d13a3680234ba92885a705954913462222cd897,2023-04-13 19:20:29+08:00,1,7,16,23
1b98a8bf21376fc3762a1ead222782e809c7f9db,2023-04-14 09:57:30+08:00,1,1,1,2
515c18882bcdabe3325a65241ab603e9c3f434f3,2023-04-14 13:36:47+08:00,1,1,0,1
35eeac0cc688a5fe81b87b394c31c20809497114,2023-04-17 17:54:23+08:00,2,7,17,24
91507b1c3299a1a1d757583735a014ffc635c03c,2023-04-17 18:31:55+08:00,1,1,4,5
d774d0ea8493b388d423d89ddb9645edb800fa8b,2023-04-17 19:11:25+08:00,1,1,0,1
29d0d5608a4afbf7b29ab0cccd28b218b3bbd783,2023-04-17 19:19:04+08:00,2,2,8,10
9b7c0f70b764d2ebe5055cb4cbf2d9ac8d617a99,2023-04-17 19:38:25+08:00,1,1,0,1
7fa1954ca08b03f47f1580b8032c90deccae89f6,2023-04-18 10:23:34+08:00,2,7,10,17
f4c7a8a2ec03bbe26971e84d380cb78a3bfe7c68,2023-04-18 10:39:04+08:00,2,13,3,16
b5425a2fbd32496bd95cb8d822fab91e5930b8f5,2023-04-18 11:40:22+08:00,3,5,35,40
b3b2b2027bce121955279a17351d058b78861f2c,2023-04-18 11:58:01+08:00,1,8,13,21
bd50ce381f1cb713f904ee905f0741fda1753d05,2023-04-18 13:46:37+08:00,1,10,10,20
6ed4c912045b441db600ad577aec68a5ac576902,2023-04-18 15:58:54+08:00,2,2,12,14
916aa04067389740ad37e3cffbbc86b3c85e4e63,2023-04-18 16:10:10+08:00,1,1,2,3
fca36db68c88a6bc3d8cccc54e0b00ba662674ef,2023-04-18 17:42:01+08:00,2,16,12,28
0f1b1e4b6e68fd45b961c88885bcd5346668d2db,2023-04-18 18:08:42+08:00,1,1,1,2
962bbeb0e6c255ed1b115db7d5d71e5e90fc771e,2023-04-19 13:10:24+08:00,2,6,6,12
f39920c6f783f2bf1778c6f085bdfb9c76772165,2023-04-19 14:13:58+08:00,1,52,61,113
d1650bf5d9078fddcf00b745ce70a94bc691031d,2023-04-19 14:17:09+08:00,1,3,4,7
b3d67c8e844af31d4a02c699d5ac2d2b7a1675ce,2023-04-19 14:58:27+08:00,1,16,20,36
af8662bbd685fd3a53217c33b3848cf4a2bf6980,2023-04-19 19:05:20+08:00,3,1,27,28
3d68290e8838097b31ef2f007c6ccca4bc8a63b0,2023-04-19 21:19:17+08:00,1,3,2,5
ecdf8136c31cf1f1ff4d2d8a93aca3272001116d,2023-04-19 21:35:58+08:00,3,6,16,22
6d530b138993cfe04162a5900d957618f35a79b5,2023-04-20 10:14:07+08:00,1,1,1,2
e66836a743442243ee5e8d6cee05bd5ba3de8d43,2023-04-20 10:27:23+08:00,1,2,4,6
d9362a3b05337a48d450bdcbe23f872bd4101f1f,2023-04-20 10:31:16+08:00,3,13,1,14
07af907826e49f6cc0a2c060aa798f083dfe1657,2023-04-20 10:47:45+08:00,1,13,17,30
a532d0158d51ea59ac0025d73dfe9eef536bb4c0,2023-04-20 16:00:57+08:00,2,2,13,15
d4d824f3df46ccb1a6812fd06d8f6813f52615dd,2023-04-20 16:49:11+08:00,2,3,11,14
f6263e19f73711e657e924cd9af9b3b29c081ec5,2023-04-21 08:49:21+09:00,1,15,15,30
4b5be49cc138cd86f116448cd4c41c7912a50952,2023-04-21 13:11:24+09:00,2,151,151,302
b3facb82d331daab613e07851fe6e2739432b6d6,2023-04-21 14:10:35+08:00,1,5,9,14
ff8111e5abb8f0bf1372bc88b59fc434f8e14121,2023-04-21 15:41:52+08:00,1,3,7,10
d39712b98ee2cfb08dc13d930f836547b838a901,2023-04-21 19:16:31+08:00,1,4,13,17
69346d02d5fafd2c05d37f54c4b7789d92863218,2023-04-23 11:04:12+07:00,3,8,4,12
226120b308d05e8bc325d943ef6d2df6ee3088dd,2023-04-24 10:30:14+08:00,1,2,0,2
d655adcc6567ad3a294079274ddc28eaa5ec2e19,2023-04-24 05:30:40+03:00,3,3,3,6
35bbbfaf7ecddf625f4ab120b6066168024237b9,2023-04-24 13:33:53+09:00,2,153,153,306
752517612c96dd84aa7d7e467de798c177fafa38,2023-04-24 13:35:02+09:00,2,112,112,224
176d124757467b9c267a855c855ec0cdf527c9ca,2023-04-24 14:11:25+08:00,1,0,9,9
a24f4aab624eff996b338ea2f33111d3a7f1862f,2023-04-25 12:04:21+08:00,3,7,19,26
635b5db6033ae4b8fe1b8ac3da5289611765d1ae,2023-04-25 12:04:36+08:00,3,6,7,13
b7863b4af0bf07be4644f894b660497342db2a42,2023-04-25 14:27:15+09:00,2,151,151,302
ec56bab15b1d0af1b9e0d60a8d328fef06eebf6d,2023-04-25 14:28:42+09:00,2,112,112,224
d8d7f19b9ad5a8af3da00a3ba6904fb30bec6d59,2023-04-25 19:25:24+08:00,2,0,26,26
ea1d930f8f089db1d1866012772c8a6fdad52d4f,2023-04-25 21:15:09+07:00,1,1,1,2
d42dbf5e682765452ed3e0728e2e0322aeedce22,2023-04-26 10:31:43+08:00,3,6,46,52
32d59fedaff0ad0b35b70e3d97ae30290742d42e,2023-04-26 12:09:53+09:00,2,151,151,302
50bf4049b53dc20b1fead63686e93036cf5335db,2023-04-26 16:02:27+09:00,2,113,113,226
d03fb3a8ef0d2e01f838ffb8a92777f7f877b362,2023-04-26 17:20:32+08:00,1,18,32,50
537a75081cfcfff4de8a0844f017c649ea92ef12,2023-04-27 11:09:34+09:00,2,114,114,228
fb2fe562ad9eff7abea7ffc6c3f24cb63ee10744,2023-04-27 11:09:52+09:00,2,153,153,306
33530808389e11b991bee2163785d52d60854714,2023-04-28 09:56:17+09:00,2,113,113,226
4065fe76266a6d6e7c2040dc52cd3769e4bf38f4,2023-04-28 11:44:21+09:00,2,147,147,294
8886cc79b07344ffb50c20a87f5ed1b2d0dc2199,2023-04-28 23:42:10+08:00,2,4,37,41
c699d2fddf3f52364561023c0973922fb5552d9c,2023-04-30 12:00:58+08:00,3,6,7,13
3a302308954a0addfd7f1769b9a6ca4a60ac2e20,2023-05-02 10:51:28+09:00,2,154,154,308
a1f26f2e55302693c6ec1a86eee5cb0db27f1eef,2023-05-02 10:03:28+08:00,3,6,7,13
08b5a5c86d91ec026410529179f95dfd7c7804af,2023-05-02 12:19:36+09:00,2,113,113,226
3ff35462961ac672808881021147c3856ea7212d,2023-05-03 14:57:18+09:00,2,149,149,298
180a315c4e067a53bb2b62c5c152fae5ea8ed214,2023-05-03 14:57:36+09:00,2,113,113,226
1fc9cac9756846f707ed50729cc42d23e2a61282,2023-05-04 11:19:22+09:00,2,113,113,226
3f2dc963219942c6571327d918855dcfcc73f6b3,2023-05-04 12:07:18+08:00,2,10,14,24
fc6b5b6b03f750bb24d43807f961b3670c05a05a,2023-05-04 13:44:37+08:00,2,12,0,12
26eb25e372afb64b8fa3b67b2732b1e376dc8e11,2023-05-04 17:08:38+08:00,1,1,1,2
8689087c536660a263d84186cc464794dad8912f,2023-05-04 15:25:09+02:00,2,11,11,22
978124bcbe217138ba0d33c7b4276f7f633cdcca,2023-05-05 11:49:30+09:00,2,114,114,228
85b85b144ca8b1c65234811b298f7fa96840b335,2023-05-05 10:04:07+08:00,2,2,2,4
48fbd4f8a973e9fc9e4677982dc3ac69affd2c7a,2023-05-05 06:21:32+02:00,2,10,2,12
9561aceb6681caae1b2bec06cf911dbf6340e064,2023-05-05 16:29:42+08:00,1,7,0,7
cc837bd95f5fa0a6e8cd46c4369a9b1787fff630,2023-05-05 20:00:07+08:00,2,0,16,16
c0e767a1da0d7bdef346b1aa1a9f76a1a9d4ac54,2023-05-05 23:23:06+08:00,3,8,8,16
db61ecbece0a27879cab9506cfca51bfe84e5211,2023-05-06 15:10:15+09:00,2,113,113,226
aa24a3bd1e78fcb2dfc14c7a0f0ee43da9b3c27f,2023-05-05 15:34:07+08:00,3,42,61,103
b0ec19684479a5a87c14c829462bf876c3a196b2,2023-05-05 16:23:04+08:00,1,4,18,22
d6e8e1f94e5c4717843692c929e0f2ae701d8924,2023-05-07 15:00:26+09:00,2,113,113,226
efc764aa169b1844233e7f8e1acb2181b7310fdd,2023-05-08 10:49:32+08:00,1,1,1,2
0ded36e1f3cdb059c5937c82ac5d8d09ebe2615e,2023-05-08 15:08:27+09:00,2,113,113,226
7121c7bdbe94fa4ad7f4b938ba03a11691312635,2023-05-08 14:14:52+08:00,1,1,1,2
94d722c383d182854b59692fd93bb8ecd4183984,2023-05-08 15:15:11+09:00,2,155,155,310
9efcdb9f20e431ec5d237f98a8fc93c3cdef8b03,2023-05-08 14:42:38+08:00,1,1,1,2
54ff61b7b9410a5eeb3d6dcb03ccdc54721a9146,2023-05-08 14:52:24+07:00,1,1,2,3
803a367af81545874f91bee61c9af1bab1b0e00b,2023-05-08 12:51:01+08:00,1,1,4,5
748b5ffdfc1c8a1d1d077f6cf15fad8d024cbe51,2023-05-08 17:26:52+08:00,2,7,10,17
ae63dd4a35da5865bc1b8112e44be9e9d1b00fce,2023-05-08 17:47:48+08:00,1,2,1,3
d5af0c9c27fd3ece9c21ad0c36d260c1bab081a0,2023-05-09 12:00:49+09:00,2,111,111,222
516cae20faba7e0ece52dcc1d7ca7e9600ad31af,2023-05-09 12:01:02+09:00,2,151,151,302
98f31daf7d4c5b804eb171a76d1b5f876e51ebc7,2023-05-09 11:43:16+08:00,1,6,6,12
912eee4ceec53ebba03edf4acbd0276f29095b96,2023-05-09 11:09:48+07:00,2,2,2,4
3654f542a5310d39dc10aab34d15396a578add0f,2023-05-09 11:00:20+08:00,1,2,13,15
b494638c7a65e2be3cdcad73ef2c35a33d0e0a25,2023-05-09 14:25:53+07:00,2,4,2,6
d0f16a96fcaaadb6b307e104c87c54ca8bce8a8b,2023-05-09 16:31:41+08:00,3,6,19,25
f1d0b22a70157d4a66500bbabc29c87d8b45879b,2023-05-10 10:36:13+09:00,2,146,146,292
6ee1a300d6faa5ba203e30edf4911ffd01bb3889,2023-05-10 10:36:28+09:00,2,113,113,226
eba1b50adacf7478a411e2e9198aaf73042b839f,2023-05-10 11:22:35+08:00,1,1,1,2
3dd48639eff9c73bd09f6b611831b09915bc2574,2023-05-10 13:45:59+08:00,1,4,4,8
eabd93b597aa0de8a86b99637426ab95de763202,2023-05-10 13:46:29+08:00,1,10,21,31
542dda049638a723dc75aa54801c7c5c9e97e406,2023-05-11 11:04:34+09:00,2,150,150,300
91816c9ecbad4a45cf9ce4656f9be80a26ddffe8,2023-05-10 20:43:31+02:00,1,5,5,10
681434c559617670ffe4a72dc24a688a46ea50d3,2023-05-11 11:06:36+09:00,2,112,112,224
f80dd43d7462994f1504d24c3f1045eaaf474674,2023-05-11 12:01:49+08:00,2,0,30,30
b34e9c23aa518896fddf0bc8dfcefef9ef5aca22,2023-05-11 15:15:07+08:00,1,1,1,2
992db1dbeb2d8e8982178f026f26a15cd319065e,2023-05-11 16:51:47+08:00,2,13,23,36
139b7dc3357bed56481812e47fefaeae980fe5bf,2023-05-11 17:52:45+08:00,1,1,22,23
bdbcc048ef55c63858c182b58aa1ef58ae168238,2023-05-11 18:38:10+08:00,1,2,2,4
1796d70d5c50d206507287b88c22763b67c2ec9f,2023-05-12 10:56:25+09:00,2,148,148,296
f27e91185f9f97b7a16f4465df27d4792ee77358,2023-05-12 11:56:56+09:00,2,114,114,228
0f5e6a229359c6c2674be995640df9a32efd38f6,2023-05-13 13:37:12+09:00,2,112,112,224
6b071303d673cb1f4bbe39016f1a9c730c5b7685,2023-05-14 10:59:33+09:00,2,113,113,226
4296be71103a138de9814aa6f5f3e2b87eeecaa1,2023-05-15 10:55:27+09:00,2,113,113,226
b9ec206cd485d27374002ea634798470e4c3c32b,2023-05-15 09:54:14+08:00,1,4,10,14
4af56a6ce7db39e55c5788aefaf4109a86c28552,2023-05-15 10:20:02+08:00,1,9,9,18
1edcd162d85b68689604bafff048d54e2956efa9,2023-05-15 11:13:50+08:00,1,1,13,14
982295bc86acc2f8db5228983cdbf644d8ed8fc6,2023-05-15 12:06:44+08:00,1,36,0,36
6caceb9c47e30efcb3d47f613f4f17c5ddba496c,2023-05-16 08:56:27+09:00,2,114,114,228
1b114e492af929650cb8797c943f767372029af0,2023-05-16 08:59:13+09:00,2,155,155,310
6347a23fa230d8b2c01887cdf06dd973620a6a68,2023-05-15 14:57:15+08:00,2,2,17,19
e89830365df95c1e7709af117fb7ad6f5dad0fee,2023-05-15 16:58:21+08:00,2,20,38,58
09c7a375cd6cd38b1a9e43b7efaaa6e4482885da,2023-05-16 11:20:57+08:00,3,9,34,43
8265b3b2957f2f81fc23b8817128cbf019841008,2023-04-25 14:59:40+08:00,1,2,2,4
aa849c6d086a25dbe3fddba2e7f51c574ea61e72,2023-04-25 15:08:34+08:00,1,1,1,2
05354f90f8849ba2b107f41515842125a19185d9,2023-04-25 15:25:55+08:00,1,2,2,4
7596432b228bd8b800a1973aea483bf43ff288b2,2023-05-11 16:20:36+08:00,3,19,50,69
c0c188ca0f2c79dbb4a077701c2cda0bea80fdcc,2023-05-11 16:29:23+08:00,1,1,9,10
ec9f773f95e2b26c128cf55ad115a52dcb574b6a,2023-05-11 17:41:50+08:00,2,12,13,25
d0cf413eaa6274fe4449bc9d567a480958967c23,2023-05-11 17:50:18+08:00,2,5,7,12
a2f68e5507f62bede005b35e63a0e1ef93c9a6a3,2023-05-15 21:52:50+08:00,1,6,48,54
7940dfd1f3fe96fabb87a63729f21b28581c40af,2023-05-16 17:36:38+08:00,1,9,9,18
4a92c3ab1f10a162dbe9908d987d53708c7319da,2023-05-16 18:19:57+08:00,2,1,54,55
6d1238446dbadab69ea702a2da50da87d42a8bdc,2023-05-16 18:39:32+08:00,1,1,1,2
2fd7f9be0b49c8f35418db81b1ea90ad7cc0a06a,2023-05-16 23:03:37+08:00,2,22,37,59
25ed49bcf94189d0a66d8610d474a16ab467c345,2023-05-17 11:35:07+09:00,2,147,147,294
30ee6677c0aa27c4310ad8977c411083638e9574,2023-05-17 11:36:49+09:00,2,111,111,222
bca1aaed4fd43b3fcefd82158ed1f2c06bc02cc4,2023-05-18 09:55:15+09:00,2,112,112,224
a2a6a553b2ad0a4f0586a7432d8daab406a6a611,2023-05-18 09:55:49+09:00,2,147,147,294
ed0990efd30050484d00464cbebc73d539caf94e,2023-05-19 09:54:47+09:00,2,150,150,300
f836e8aac0f45b77e4400cb9842392b6005f9a3d,2023-05-19 16:44:29+09:00,2,112,112,224
1cc5d0eac06e678cc9d9851d9929f87f84ad9d43,2023-05-19 18:35:39+08:00,3,1,194,195
2bef68b02f6e60112c6f8bcf28c20747dce24f33,2023-05-20 13:45:49+09:00,2,112,112,224
ac627b146c0a9db8e7945780417cbb1c92235fda,2023-05-20 14:16:14+09:00,2,149,149,298
5db3a6a4eab2d56bd55f2a42e734797180ae42c7,2023-05-22 12:26:48+09:00,2,112,112,224
21e252c4da5b77d88f078c256459de2a563b6b30,2023-05-22 12:28:32+09:00,2,150,150,300
4ad4f413b4f9cebe346880bf8cce72a474fdf475,2023-05-22 18:23:50+08:00,2,5,8,13
af753a5a0ebfa9134c347b8a18a0a2ccf08a4dbe,2023-05-23 11:54:36+09:00,2,111,111,222
a7fd221edbe72501f81b6a0285c7c0e099cb7a07,2023-05-23 11:56:12+09:00,2,150,150,300
8b2ffbfef38440fe57a5ac2092fe125d6d450e7b,2023-05-24 10:52:28+09:00,2,147,147,294
37ca9b1a432ae527d3d7810089434132648dd243,2023-05-24 11:53:13+09:00,2,111,111,222
6d873e87b4be6d76af11339ccc20de898f6efb9e,2023-05-25 10:39:16+09:00,2,112,112,224
a2d7229100be8051c4249dfb05608bca85f78b07,2023-05-25 10:39:30+09:00,2,147,147,294
f504dc4bb3922ddf960bbe83412c4220fa2da51b,2023-05-25 12:09:29+08:00,1,0,28,28
0f6e4c95adf88bb9c6104ec30beb691cf59748d6,2023-05-26 10:30:40+09:00,2,110,110,220
dbff0806cf4b47ba4f00394d6ea82ed205d61889,2023-05-26 10:32:29+09:00,2,143,143,286
39914963683503cad0674f30ce81c701eff7eba1,2023-05-29 09:44:12+08:00,1,1,1,2
5dd4f25f1e1f14d9d3d995a7960bd52bcb8d131b,2023-05-29 11:03:16+09:00,2,151,151,302
9f4266863cf273fd227c8c3da4a8dac4224f35cb,2023-05-29 11:05:01+09:00,2,111,111,222
5d3aece6faf32efea0a341f6dd425b9558186ed1,2023-05-29 17:26:03+02:00,2,52,0,52
09fcca336e0ce63725ff871d3b697f6a7b5995e2,2023-05-29 17:32:25+02:00,4,7,15,22
2d1caac8be69ed65959f8a1627a7ea43d1dde9ad,2023-05-30 11:14:16+09:00,2,144,144,288
9f60d515f9fc2fdb9257ff76ac92e7bc86c9b7b7,2023-05-30 11:15:15+09:00,2,110,110,220
425ffa88dcd1217b7f27d6cfdf13d1155718a83e,2023-05-30 16:19:41+08:00,3,57,29,86
0dbb5e0ddef4a9d85eb1606134bab113fd5c7ba5,2023-05-30 19:14:18+08:00,1,0,8,8
f2ce2c09b572ea4dca5dc780bdae60b4fe6a1bf3,2023-05-31 11:28:55+09:00,2,114,114,228
214c566a14b99866acf4f4dd1afe0d69196c8929,2023-05-31 19:21:14+09:00,2,147,147,294
b4e554862a578815194e09b2d392f61fc87462a6,2023-06-01 08:24:30+09:00,2,149,149,298
4422ba2b94529b47a37270c01ef8e09b5219a4ae,2023-06-01 12:21:29+09:00,2,112,112,224
0ad7d624ea64bab3cfc2586f6020e5df432124d9,2023-06-02 16:23:05+09:00,2,147,147,294
b9c835d66af0bfe85595e45fb3df172bf019ab53,2023-06-02 16:23:18+09:00,2,109,109,218
98acf05c36691d4050f3ce9c5270c520a43449ee,2023-06-04 13:42:02+09:00,2,113,113,226
3830870fcbe44c5f22ccc5b417358c422f871129,2023-06-04 16:52:09+09:00,2,147,147,294
c9814f0ae01f720afb7d1285a4a8aec1a22ce9b2,2023-06-05 11:33:13+09:00,2,143,143,286
2242e06590b8296cf0f3c2501187b2ff6b79702a,2023-06-05 11:33:23+09:00,2,112,112,224
c720b97c50fdda776578ce88f36bb9b71532509d,2023-06-06 12:24:49+09:00,2,150,150,300
2ab318ea0c7c85e87ef8c5e3d8d420d49cf4788f,2023-06-06 12:26:29+09:00,2,113,113,226
c77cc951e1aa1c46ebd8b2187ca66b1b7abd0563,2023-06-07 10:35:09+09:00,2,112,112,224
702dff9b238bfb8f9617f9141ac6399ab9a439b4,2023-06-07 10:35:19+09:00,2,149,149,298
0c4d5c615c01e21db9e84b5c71ce0f3ab37d6428,2023-06-08 10:47:54+09:00,2,150,150,300
e7aba487993c6caf5e74ce98bc277bb0a861036e,2023-06-08 10:48:05+09:00,2,112,112,224
e394541317e1776dda09f4f712d25deb88d97c51,2023-06-09 11:33:15+09:00,2,149,149,298
8e5db819c56ecd5714682ec86900f9188a083748,2023-06-09 11:34:56+09:00,2,112,112,224
5ce1458b499851ef506a8e88e2955fdf36486fd3,2023-06-10 12:50:06+09:00,2,146,146,292
30f2c81c7525b4b42fd099f81d22257f3ce09265,2023-06-11 19:55:41+09:00,2,151,151,302
be70480dcb8a75388cf12f4a612af6667f7bf5ca,2023-06-11 19:55:51+09:00,2,114,114,228
e8a1a97a388e57e94961f9a16c01abd3bc7a2494,2023-06-12 02:11:10+02:00,2,1,9,10
705b3f2ffdeb90cb9cb4c715bc0dfacfbe41490c,2023-06-12 11:47:05+09:00,2,148,148,296
81e970ed1117752bc9b2e13cb73654f77ae94779,2023-06-12 11:48:32+09:00,2,112,112,224
b409cc11d669c88675e23e570dc1e0f6db7e99e1,2023-06-13 09:23:10+09:00,2,112,112,224
b32ea2d3338dbb34bb716f346366082a459d619c,2023-06-13 09:34:51+09:00,2,150,150,300
ce1ac8e5ca684c8e1008509917e57c81f2df69cf,2023-06-14 08:53:12+09:00,2,152,152,304
f53cdf724e786563825bc540ea86914b08d0bc9c,2023-06-14 09:32:04+09:00,2,112,112,224
da58a2316c0831f922c7e443dc84818739b4f419,2023-06-15 10:40:27+09:00,2,148,148,296
db96d2febeac8617786000df93316e6a146a5730,2023-06-15 10:40:41+09:00,2,112,112,224
007e6534d40b72c979bb542e99b4ab9f26386630,2023-06-16 09:06:57+09:00,2,148,148,296
9a1f348493ab48de7574cfa03fae38d179b91921,2023-06-16 11:56:23+09:00,2,113,113,226
4f45bcdf2122a8255caba2ca4fbe58eb278ba03e,2023-06-17 22:45:46+09:00,2,147,147,294
b49042e69e88df492fdeaea8a26f18d362317e79,2023-06-18 08:32:46+09:00,2,151,151,302
9f3bf4db262b124986c61084e9aab2adf8cbeaa8,2023-06-18 23:13:21+09:00,2,112,112,224
3f4de3f1633a95e75f4d41327daea4f00af97491,2023-06-19 12:57:49+09:00,2,148,148,296
1e4c16041bdebbc54c607749a1e98c5e267516ad,2023-06-19 12:59:38+09:00,2,114,114,228
b9a33e2f5a0faf16c63fc3666b5176af6eb0f200,2023-06-19 23:02:36+02:00,1,1,4,5
b5a1d0dfa62bcba6d9cf584d74c2d9f16f414e67,2023-06-20 08:25:42+09:00,2,148,148,296
e395ec80e4324aac2007a5469626d006a315c5f8,2023-06-20 08:25:57+09:00,2,113,113,226
db4e1dda5a4cbba729b9e85897cf66bf1542fadf,2023-06-21 11:45:44+09:00,2,145,145,290
4806e35056b477af2de775c6fcebdcb4ff1ca98e,2023-06-21 11:45:56+09:00,2,112,112,224
23d2d41591e8b8a62630008c192944df1a12d991,2023-06-22 08:26:05+09:00,2,150,150,300
42fea9a1f175201cf423fbb762585744f7b80866,2023-06-22 10:27:43+09:00,2,112,112,224
37c9a88edaf2fe01a0a1618378728f4b8a4572e5,2023-06-22 22:36:14+07:00,1,1,1,2
c59af5558f0eae5fdd424581fc3998a4edd6feb8,2023-06-23 10:02:59+09:00,2,147,147,294
319538ddd4f4254d631d97bc274a46b10375767e,2023-06-23 10:06:16+09:00,2,111,111,222
e554555e9638ae015c8034a6b2697f4178cb654d,2023-06-25 12:15:25+09:00,2,150,150,300
3ae73e4437a108b31162b9bfb753fbac76f28ba6,2023-06-25 12:17:07+09:00,2,114,114,228
c2925dfd39340784057e7e56d18a775112d08884,2023-06-26 12:40:48+09:00,2,114,114,228
e629f678501b0bcfeda4179205a5962fbc582ab7,2023-06-26 12:41:04+09:00,2,147,147,294
44b950c218b2988dc431c635c95055f676ac1149,2023-06-26 18:53:29+08:00,1,1,4,5
e697c6710e4b2be450e6d22e1fff91b196bf5324,2023-06-27 11:40:30+09:00,2,114,114,228
0d04eddd0c4d26f339739b10457d1fe141d93fdd,2023-06-27 11:43:50+09:00,2,141,141,282
1a4853cbdeb452ad7c43ede4af5254ffdab6a610,2023-06-27 14:08:25+08:00,1,0,8,8
1fb963e810989bd76e409948a3b2a151d0f8d5c0,2023-06-28 12:28:24+09:00,2,145,145,290
df027f02eaf22f3de324d75b8bcbf8256e477e3c,2023-06-28 12:30:01+09:00,2,112,112,224
5df164d3f4892594fba4765d54990c7938e5c948,2023-06-29 11:48:27+09:00,2,146,146,292
26b40b300edebcb37031148cc082673ff7036390,2023-06-29 11:52:48+09:00,2,112,112,224
f2681f641acda7d38015dd100f0d2694d37bfd93,2023-06-29 09:26:17+04:00,1,17,17,34
c3f6e76a6c3c8c535aa4ed6c0bed763bd3fb4f8d,2023-06-30 15:21:53+09:00,2,113,113,226
7ba1a78b828ec9437d9e94b3f325ff4304639ece,2023-07-01 10:27:13+09:00,2,111,111,222
e4f9dcd826b8252bc06e0ef30c75adcdbe42e286,2023-07-01 10:30:38+09:00,2,149,149,298
02e306694b390edbe66a3895cb6420c117d8183a,2023-07-01 06:10:45+04:00,1,11,11,22
50a969c7aae8508eca112fbdb13759248ab5ebe5,2023-07-02 23:36:14+09:00,2,151,151,302
7e8986884b38809c02250df1b6f6ab78b08d4691,2023-07-02 23:37:53+09:00,2,112,112,224
a0d59af420c0cf92c763256018735beec07e48d0,2023-07-03 10:38:09+09:00,2,113,113,226
d9c0d381fc4f8e25381af36ab19cc6f84acd38bf,2023-07-03 15:57:53+04:00,1,2,8,10
322dff957d51768cf29a9523f7a978f6b46b3eac,2023-07-04 01:26:55+02:00,1,2,3,5
b4367da00cf155e9943efbe94761db0301ff4743,2023-07-04 01:51:25+02:00,4,8,4,12
15336269971d12dde2f6291ffe1b6a70a1102716,2023-07-04 08:54:59+09:00,2,113,113,226
9076d939d5219006d5b22a0def485b27328ecb9b,2023-07-04 12:40:32+09:00,2,152,152,304
3066af386387b8d230a6141fb3eec5ada6c95b91,2023-07-04 14:17:06+04:00,1,7,7,14
802c007370ca1d2623a7760810c7d487557bf02a,2023-07-05 13:17:37+09:00,2,113,113,226
b65e2bcc1adad826c9c1945c367699c4e6411034,2023-07-05 13:17:54+09:00,2,146,146,292
3ab7016c18a30a38e5b2efe9777fcf6d4d68191c,2023-07-06 00:40:59+01:00,3,34,19,53
e21773470b9613cb35feb7f71c23da829d6108d9,2023-07-06 10:46:47+09:00,2,149,149,298
6ff912e6b52b997b080d2488d6dad44c66a42602,2023-07-06 10:46:55+09:00,2,114,114,228
f37f00689d3fe98ee7c96b224c9d63c42eeb4ff3,2023-07-07 10:22:47+09:00,2,113,113,226
4d59e382822a776e50c033a7e9915465ed5a8a51,2023-07-07 10:23:03+09:00,2,151,151,302
c523dc9705d8ce471e5448b5161641d6dedb85ff,2023-07-08 18:23:16+09:00,2,148,148,296
6c033a7a075a6ba17c1b804f257de23ff7a9eba8,2023-07-08 18:24:52+09:00,2,112,112,224
957524d9609c7be23abcab855171b0ed348f0f0e,2023-07-09 10:52:26+09:00,2,112,112,224
f07cb6bda6b37e51febe873f5b41fdecb1624e33,2023-07-09 10:52:41+09:00,2,148,148,296
057d65609c1fc60985a3f9fee9fa823f7a3a0890,2023-07-10 10:58:57+09:00,2,145,145,290
5758a6abbe0d2dc7387f0e26d9e6900a03dae32c,2023-07-10 11:00:38+09:00,2,114,114,228
bca73d4ff732aa620d1cc0c6f9f76b38a9beb256,2023-07-11 11:46:30+09:00,2,149,149,298
faaef768bb6a43c932da47178dc6496445d7be08,2023-07-11 11:48:03+09:00,2,113,113,226
a774cf88f5f7ca81d90fb1aa9d5a92d1cf0549ea,2023-07-12 11:30:15+09:00,2,110,110,220
f75a21754bc41aa6706f87080d54a58669b4140c,2023-07-12 11:30:28+09:00,2,145,145,290
5c3e9934dcc52a09ad3816b3930caec95175a49c,2023-07-13 10:02:02+08:00,3,1,34,35
b0914b395baca2d4d33d1f3523817f12ac9240a5,2023-07-13 11:09:00+09:00,2,148,148,296
a62adb4aa551f8ee0422f78f5f9f22d46d44dd2f,2023-07-13 11:12:31+09:00,2,114,114,228
f9fda4ebe79d50742591bc016f01f591697f5467,2023-07-13 12:56:20+08:00,1,0,7,7
55fbdf702f3ecd97a758e2daa4f32b33f458b446,2023-07-14 13:01:14+09:00,2,149,149,298
f5b69ab31039f0d92e88de39255e25a96391cb35,2023-07-14 13:45:27+09:00,2,112,112,224
a8cd04c6c923f4a7ccc482ef986b172f5f36a48a,2023-07-15 22:04:13+09:00,2,150,150,300
75fce80417392e626cb9ccc1532852e84ec1ff2d,2023-07-15 22:05:46+09:00,2,113,113,226
f2dfea2884690aafdc2eab74c92cf84a4bcc6c08,2023-07-17 12:08:42+09:00,2,149,149,298
17219c69a50231628a885ba7db48a6f9bf1ed37b,2023-07-17 12:10:23+09:00,2,112,112,224
f545fe3830413b7a6d761401d7b8a2b89819c6c1,2023-07-18 11:12:18+09:00,2,148,148,296
8ba688ea79d785e14d44643fe9f9bd0c4c30020b,2023-07-18 11:13:53+09:00,2,113,113,226
705b30957e79d9b898fb5332910fef05eac30351,2023-07-19 12:04:45+09:00,2,147,147,294
4175aa2c6e11cd9825de3b6bf0f452d6dfe3fc93,2023-07-19 12:04:53+09:00,2,114,114,228
c0602803f545b9ced947c498caf4fcef569269ff,2023-07-20 12:57:07+09:00,2,149,149,298
b7719f0ddc5bac69673eb9d08d80f6805e8c4288,2023-07-20 12:58:50+09:00,1,95,95,190
ba854f1dd4d8757b280c9b6f8a801bad138b34f7,2023-07-20 15:50:35+08:00,4,31,31,62
dd5e751e69d7070e15dda52865241063a392cfef,2023-07-21 12:17:34+09:00,2,147,147,294
6608850ab87a8fcf3441e66efcfb76b6e3a79f4a,2023-07-21 12:19:10+09:00,1,95,95,190
929ace3374478421335fd7341d5912de5ab9eff0,2023-07-22 21:30:44+09:00,2,147,147,294
a776d15a82c0d84c07b12934e29840c55d4c831b,2023-07-22 21:32:18+09:00,1,95,95,190
625794d479fade25c0fd91f45dd9216edf0fad3e,2023-07-23 20:48:42+09:00,2,145,145,290
21a4a369ce5926de17356c4328e2acca01a88524,2023-07-23 20:51:55+09:00,1,95,95,190
20b3027bf3e87744fb8e5794db9b1217ce8a33f2,2023-07-24 08:41:25+09:00,2,145,145,290
59d977ff8475d39afcf6e8cd26b2c1ce9c844630,2023-07-24 12:02:59+09:00,1,95,95,190
0063480126aa9c5031960640e737a4dc9dc84aab,2023-07-24 13:04:00+08:00,3,32,13,45
d2b4dc04b0174fa42f3652cdcbc6100d808d76ae,2023-07-25 11:41:28+09:00,2,149,149,298
92ae060639ece310db6da1a182f0e2a82b2afc81,2023-07-25 11:41:41+09:00,2,76,76,152
fca173de057179d7f4e6a68ced17994a065cb03b,2023-07-26 12:52:30+09:00,2,144,144,288
9bf34741652c72de26b6a95d2d186fb3e6426ec8,2023-07-26 12:55:38+09:00,1,19,19,38
e77b7beb7fbc3e1815f2fd0fdfa80b9d26a947bb,2023-07-27 11:34:34+09:00,2,146,147,293
d09424836685e73cef4ba936c0e93437fd9eab86,2023-07-27 11:36:11+09:00,1,19,19,38
49fae3d5b6c98e01b4c3cce3b4791b09f62b7845,2023-07-28 12:28:10+09:00,2,142,142,284
6083173ac3e69183c5e9ed9231673cda0c2ce272,2023-07-28 12:28:22+09:00,1,19,19,38
3ba496cb1f1305acb76b9c31d1fd034e7e11d311,2023-07-28 11:55:34+08:00,3,1,10,11
f2f2bb132b4b99c07345e994b58f26e81f3e0e4f,2023-07-29 14:54:35+09:00,2,142,142,284
f7bda7b11c305fa23ec1627e9c1627d58bd9cec5,2023-07-29 14:57:09+09:00,1,19,19,38
ddead3b064b4379cfa47e092dd031bad444145df,2023-07-30 15:26:02+09:00,2,143,143,286
6f1a739dc2b9b4ca3bf97fc4d06a94469710061e,2023-07-30 15:27:32+09:00,1,19,19,38
9e62694435c3b367f7283b74084eb71f30ba3e4a,2023-07-31 10:29:02+09:00,2,145,145,290
be1f27e77c6468a910600b53059d5d6e111d2566,2023-07-31 10:30:36+09:00,1,19,19,38
fecee047baace0c9d97c785082f8e630042b3874,2023-07-31 10:24:06+08:00,1,1,1,2
640c171aaad7956d38e0b9bfa431c96871e4b386,2023-07-31 20:05:18+08:00,1,0,5,5
2e8aea1e97833e5ae780f5c166d87299637a8fd4,2023-08-01 08:55:57+09:00,1,19,19,38
4236ee6baad77a19472e0ab46b7a51ee6d0ac023,2023-08-01 08:57:37+09:00,2,146,146,292
8dfde8c3ab48ae2d44ee11e0c1118583b7a92cba,2023-08-01 16:36:33+08:00,3,41,30,71
05655590c4afa5fdcffd6038ab38d2abea495474,2023-08-02 10:31:44+09:00,2,130,130,260
e77d2636fadad3c8ec94b8f22f67620f67551b98,2023-08-02 10:33:14+09:00,1,19,19,38
14bbd5c9a6b90da1736e1361ed91249a2abdfdf3,2023-08-03 11:11:18+09:00,2,148,148,296
e5f56d353b69a3a234d5e0b926b44f8af74a6c82,2023-08-03 11:14:10+09:00,1,19,19,38
ec742c5bbb1805cea049a6b943ce4790c8c83793,2023-08-04 10:35:22+09:00,2,145,145,290
d2b6977d6731d96d50ffbe5b3f7c6d2abd2f9d65,2023-08-04 10:35:36+09:00,1,19,19,38
d256a925a7dd3644cda77e09f5ebc8dc412cbb39,2023-08-05 22:15:36+09:00,2,144,144,288
d456747e443d964043e2034b650b7b8275bbfa3c,2023-08-05 22:17:29+09:00,1,19,19,38
324ad2f6304d4fbc333c340054275c1268e2aa4b,2023-08-06 13:07:51+09:00,2,145,145,290
489e0b91becfb8e45c353cceb7da3096e42349e8,2023-08-06 13:08:13+09:00,1,19,19,38
4eac8f1a2b7d2d857993b647b7ba8044ecf0ea72,2023-08-07 09:46:23+09:00,2,141,141,282
38b13fd3c183851a02497330cec7efc0da2af091,2023-08-07 11:17:05+09:00,3,74,74,148
675215ef5a35c0acca1e3ccddc23f6ca5cb0c0a5,2023-08-08 11:34:54+09:00,2,147,147,294
5a2024f294f57820e85de0d61e6f07a17c048db0,2023-08-08 12:54:02+09:00,2,111,111,222
6b8764b8d3920232f5f91d3636153272467f08df,2023-08-09 11:21:33+09:00,2,151,151,302
09674f666becbbeb5bb630499354611287e0a0ba,2023-08-09 11:33:55+09:00,2,114,114,228
410d33f7dc41ea71924fa18af60a8d215953b8a7,2023-08-10 11:24:44+09:00,2,149,149,298
8e63e3095a9338b51f4db2b5225f0fccbc5480c9,2023-08-10 12:19:13+09:00,1,11,11,22
0d92846fd0291b47e2e9ea4acf81cc4e17ceabfe,2023-08-11 11:39:22+09:00,2,114,114,228
1845edd8c28c2728adb1a3f19e9e6a86237d36f8,2023-08-11 11:41:04+09:00,2,146,146,292
a629fabbc2f4333b46c77ca2043e61ac7a145714,2023-08-11 13:59:35+08:00,1,2,2,4
a36c61a940cf8525ee5d349ab5dfa46d32aef6d1,2023-08-11 15:32:18+08:00,1,1,2,3
4b54f5963aec762062958f3b1c749ca3e358ddb5,2023-08-12 14:12:55+09:00,2,113,113,226
40695ebdf9fa978ef6e2f5f040728693f0f7c45f,2023-08-12 14:14:39+09:00,2,145,145,290
b8cd16e8aa18753c035682fd3a4bb7a8a1e59076,2023-08-13 13:31:05+09:00,2,143,143,286
999af6e554eb13abb1badc060be6f42baf29b684,2023-08-13 13:32:55+09:00,2,113,113,226
122ca0f18315ef792ee89320e1f4ea0bf488992f,2023-08-14 10:40:43+09:00,2,113,113,226
c864158ea6181dc08cba2e4e07b653ba38ef175c,2023-08-14 10:46:08+09:00,2,140,140,280
bbdca8187d06cc5b74cdc247bbb363470553785f,2023-08-15 09:05:32+09:00,2,147,147,294
d8e8064f045689252ec8c64774b5a9bc0552c537,2023-08-15 09:07:34+09:00,2,113,113,226
2620c1fd45a5a090212c7f1490d90e49c78a0dfb,2023-08-15 10:08:59+08:00,1,2,2,4
fabaa0f8649e7eb3759e0b54c2c19bdcd07120c9,2023-08-15 17:12:50+02:00,1,1,1,2
ddeeb40fdfb61537e4e180aa700372978566f01e,2023-08-16 10:11:00+09:00,2,142,142,284
aefc5d8da4b65d081b693198f614ca252f1a7efd,2023-08-16 10:49:56+09:00,2,113,113,226
9dfafa6a97d7430ff35c38599467aa818473fdbe,2023-08-17 10:22:11+09:00,2,145,145,290
9c552d8fa70be879813dea043d18b221b4b31d17,2023-08-17 10:23:52+09:00,2,113,113,226
aab06046836cb4445dbed5d8ccd0870296a0f704,2023-08-17 11:42:43+08:00,1,18,18,36
628e055ce94ad64c50bcf17b0e9d8e731cd42cca,2023-08-17 19:10:55+08:00,2,11,12,23
9c0c17fafd6cbfc5e1a32b9c08e84693de90adcc,2023-08-18 11:35:13+09:00,2,149,149,298
4eae29340e11bc246c9b4f6851794a000ca93688,2023-08-18 12:08:46+09:00,2,114,114,228
57ef43f85698e1ac22586741889ce5f294b10bee,2023-08-19 15:21:41+09:00,2,141,141,282
ff95c9fa67eecf52e97259419897a7ce9e7ee0a3,2023-08-19 15:21:56+09:00,2,114,114,228
f9b0ef848b373f19c07974d9c4d22fcf1acf6b5a,2023-08-20 14:10:43+09:00,2,145,145,290
b8866e309c32733976c58006ce7130926014d121,2023-08-20 14:12:37+09:00,2,112,112,224
d324c5063e166d3b2bb82e57a4982cda3a00f0e7,2023-08-21 09:17:07+09:00,2,112,112,224
9b3feb4aa3364a56fc62b3eea6b382bdd416ead4,2023-08-21 09:17:19+09:00,2,143,143,286
6d8c48c58cbbc23e76e68e25a94e03becddfcd77,2023-08-21 19:48:41+08:00,4,6,8,14
99fea37417b5b9757246fd67442a02c31b6916ed,2023-08-22 10:03:06+09:00,2,143,143,286
1820f620926c829625edd24f374801c9e4be9359,2023-08-22 10:03:29+09:00,2,113,113,226
666f334e5f233e023110992b8afe837d2bf09beb,2023-08-23 11:06:33+09:00,2,144,144,288
939fa6cd1ee555944727fb6fcd0a508b75a87e99,2023-08-23 11:06:46+09:00,2,114,114,228
c98ef092902adff5c61424a61b619d0a5d0e2e43,2023-08-24 13:10:06+09:00,2,145,145,290
06da0ce4e9287ecdcb32e88ccc1dbd9613a3cec9,2023-08-24 13:11:48+09:00,2,113,113,226
8e934aaa2a20a2e0ae9ece19d6cfef1537fafec2,2023-08-24 06:13:16+02:00,1,7,2,9
497420aa5b2461033a00b0791cb2797ba15d6457,2023-08-25 09:22:43+09:00,2,147,147,294
bb65acef37bbc39b0267729c8612a90921b1554d,2023-08-25 09:22:55+09:00,2,114,114,228
bb43870d8dbbbaa296e1487a18ce2dbd9b4ff637,2023-08-25 12:10:06+08:00,3,7,1,8
d0f9b28a91459aa710349d6ae97c99aec153e317,2023-08-25 12:15:50+08:00,4,2,8,10
86a1e5ae5f04d50a8032d0030af793bfdf7d1861,2023-08-26 15:18:23+09:00,2,112,112,224
083e8d2ff31749ecdc213e612aea69589fe6f7cb,2023-08-26 15:21:22+09:00,2,145,145,290
e038c719acf0781da98fa9201b0fb07255feea39,2023-08-27 15:29:29+09:00,2,136,136,272
0c578d2b83e99b4888aabcb762ebb35e701b018b,2023-08-27 15:32:39+09:00,2,113,113,226
69d24ff44aa236a7c96d06d4f2459dc0c646ceeb,2023-08-28 12:01:51+09:00,2,111,111,222
e9ce9877cade07f10ccae73770fe83d22676b9b7,2023-08-28 12:04:25+09:00,2,139,139,278
008282ba2a6dc4fb58bfd41944bdb514b2ee9334,2023-08-28 18:13:00+08:00,3,6,7,13
f2b69f7f29c18f5362e2182a2c9e8713fb75a65c,2023-08-29 11:07:04+09:00,2,111,111,222
16c563fef7df799d93793a082fa445e4c57c365f,2023-08-29 11:24:08+09:00,2,146,146,292
136cf4e1f48be4011ec70e2169617a69dea11211,2023-08-30 08:23:58+09:00,2,113,113,226
aff0c1d5ed8f5728c0b291a074420db8016caadd,2023-08-30 08:25:06+09:00,2,142,142,284
eb914ef04c25b77a6cf6b9f7c3d49c7d32d37327,2023-08-31 12:49:40+09:00,2,145,145,290
af49fc1d9457ba8a1390da3bf10d4ee8b2fe2098,2023-08-31 12:55:15+09:00,2,114,114,228
0697d5636eedc31a01bdd81f621062140b80eaaa,2023-09-01 08:22:39+09:00,2,114,114,228
b35307368a05936b8d09788b98c332367be525d1,2023-09-01 08:25:17+09:00,2,144,144,288
a014b790732ba38731becadf19a3e3d7145a1659,2023-09-02 08:22:07+09:00,2,111,111,222
ab0a0396d39361f8f4e86e81919fbba2c07ae505,2023-09-02 08:24:41+09:00,2,148,148,296
18a3c0ac580151f66a56d34ce847fab46bce2758,2023-09-03 08:41:48+09:00,2,142,142,284
65aac0269362f6ccb2d5ebc37683e2529c9ab1f9,2023-09-03 08:45:37+09:00,2,112,112,224
3cfed3e414151d8489cafc2f936a14bf922a5bff,2023-09-04 08:40:03+09:00,2,141,141,282
78f39dedca382fc1172a4435e8c40acbd8eb8fd8,2023-09-04 08:56:43+09:00,2,112,112,224
73e977458ebd18ad2406c52f0218eb814926b671,2023-09-05 12:05:27+09:00,2,145,145,290
54ab58186a1c5438b416b5d003f883ad87410185,2023-09-05 11:05:50+08:00,3,111,111,222
6a1b011ae5f86ad11cad4e4bdb3cd172adde9cef,2023-09-05 12:09:36+09:00,2,113,113,226
fc311081fe5907389d113b0f993e795dc46cdeef,2023-09-06 01:17:07+08:00,4,16,20,36
fc1b9aac366cefd529fdc2aa613bf63ad1106ef1,2023-09-06 11:56:51+09:00,2,147,147,294
d1de490f2902e36e155b46193698e0da2e2e9638,2023-09-06 11:56:58+09:00,2,113,113,226
1e98371288da7a296b4713de5769199c71217db0,2023-09-07 08:42:44+09:00,2,142,142,284
f22d266d9250f59e4ecd3ad0e7095f5f20666315,2023-09-07 08:43:07+09:00,2,111,111,222
feba360563c388264bce72e8c891aa4dfb5f67f3,2023-09-08 09:35:25+09:00,2,147,147,294
ead6e2e5b7ddd992d6506e5d7a9613366e46008c,2023-09-08 09:35:52+09:00,2,114,114,228
d526c4ac52a9c0d246255c9fa44f94a6c3c2346b,2023-09-09 12:19:47+09:00,2,146,146,292
ea10d60901c932fc36bafa11d1c890385f26f10d,2023-09-09 12:21:50+09:00,2,114,114,228
31b19cc11b032ae541d408a32e535b3b02e9c885,2023-09-10 14:04:30+09:00,2,144,144,288
0314a90e655ad5af4070e5ab07163e50bc5434ec,2023-09-10 14:04:42+09:00,2,110,110,220
c532702ee773a22f3eb86ed707bca572c29f6f0e,2023-09-11 11:22:17+09:00,2,146,146,292
54f8c53b8b4b3a0dfb264f4976acd49fc411f88d,2023-09-11 11:24:22+09:00,2,108,108,216
b86d90d1a1fad098705756d038ae0490939a1d95,2023-09-12 11:00:14+09:00,2,111,111,222
e1c07ffdbf3c69da1a08579991e1760024ce3261,2023-09-12 11:00:27+09:00,2,148,148,296
aa1d97c506805eae680969d3cefc0bd157907417,2023-09-12 19:09:10+08:00,1,2,0,2
110684be7dc1407925767dbe04e9b3042f224efd,2023-09-13 09:18:23+09:00,2,144,144,288
604299ad6e84507f87f5e572d0a6361fa7806ec7,2023-09-13 09:20:38+09:00,2,111,111,222
c899962c860f6e9d4aaf90ff66822a21613911fa,2023-09-13 14:04:57+08:00,2,111,111,222
cb460338cf3266ab76580d712ed36cba58b9e544,2023-09-13 16:14:19+02:00,1,0,1,1
b5aebff8e2c2ff8fe787e19ac26c98bfccf82b4c,2023-09-14 07:22:15+08:00,3,26,26,52
6d7164a7f1da05a8030fe3038454aca763b61428,2023-09-14 10:52:11+08:00,2,143,143,286
b55d361f24ca0a2fd76e9d362958ee2df37674f0,2023-09-14 11:15:33+08:00,1,12,12,24
c2b9a9d2eaee951e19203347c68384e2b21a7ef7,2023-09-15 10:16:18+08:00,2,146,146,292
fe60a1bf98a766495718f81888c35242429bbffa,2023-09-15 10:16:30+08:00,2,108,108,216
31aa3e10e468fee3a5fb55d011311fda717fd2e9,2023-09-15 10:29:04+08:00,2,102,102,204
bbbdc3f2a41db0a56f7446b83d6ddf142478476b,2023-09-15 14:19:01+08:00,1,3,3,6
6e00158386ff0441fd846a45ada8ce4cbddf3bfd,2023-09-18 10:50:59+08:00,2,98,98,196
91ac5fc199048f386b96542a329c96edea3e3857,2023-09-18 10:51:12+08:00,2,148,148,296
f1a89281289f97f104830b3ef30815794affd7e2,2023-09-18 13:11:23+10:00,1,1,1,2
1e52b7b8288fb61f492e4cc1f21bebb87fa5257f,2023-09-18 13:51:07+02:00,1,6,6,12
4d79a18d910f63131ad5295bf7d73282e72bf7c4,2023-09-19 07:24:53+08:00,2,146,146,292
bbbf765e66abfd667dccac54ab31c4df32c53b94,2023-09-19 07:27:13+08:00,2,99,99,198
ac043a0c8941a39c458427066dd2628846a80a97,2023-09-20 08:39:04+08:00,2,146,146,292
c1e06f5d3822e683826c23e32b5b73800f81ce23,2023-09-20 10:12:56+08:00,2,99,99,198
87261b3019b68564330bc01fd231fb8e497b03d3,2023-09-21 10:07:28+08:00,2,143,143,286
7bded0563fdbffe59364832e5692bccc70e6b667,2023-09-21 10:10:04+08:00,2,99,99,198
56964b1d61087a6096e76c1036d9a75c5fd82859,2023-09-22 08:01:34+08:00,2,141,141,282
9373d22892f1e9911163697aa95caf96b2981f87,2023-09-22 08:01:49+08:00,2,99,99,198
a69adbcedb24f9426319e4c05678fb99b029d404,2023-09-22 12:02:04+08:00,1,1,1,2
b8b4fee637f97348678dbc6a42d4820a25429820,2023-09-22 14:21:00+08:00,3,5,33,38
72579ce8217a477a972bfbfe435294733e0af699,2023-09-23 10:13:20+08:00,2,141,141,282
1e63420e14e6e45e537cd1f67a1217f37ecefd19,2023-09-23 10:13:34+08:00,2,97,97,194
22116332d17c59b375796cc9d400f61dfbf31276,2023-09-24 14:10:44+08:00,2,146,146,292
4d0f8cd92620e44035a55b89dd4d607f68548dd4,2023-09-24 14:13:06+08:00,2,99,99,198
97006ed82bdc0f6a2e2c1b8585debcf4ab421783,2023-09-25 09:24:50+08:00,2,141,141,282
e900cd312413268423372398beb96becf103cfe5,2023-09-25 09:27:13+08:00,2,98,98,196
efe8d9919db78c0d0d27b1b8d2f779c503a62ee9,2023-09-25 14:26:04+08:00,3,45,18,63
e9ce73fc62c713684d365145b1bd5bd573d7aea0,2023-09-26 10:57:37+08:00,2,99,99,198
b4fd6bfec18f60bcda6d24aa36ab7c52e05ba8ba,2023-09-26 10:57:52+08:00,2,144,144,288
8f6294c0ccfcfd393127b64636d48bace092ce83,2023-09-27 08:41:12+08:00,2,144,144,288
75e481cd4764fb17bb8bc0384507aba2655056e5,2023-09-27 08:43:16+08:00,2,99,99,198
3f0939d44c52a1ac953eccf92edb43e258fc9795,2023-09-28 10:50:57+08:00,2,98,98,196
94a73a5361ceba8dea31f3d6b7acc433f985ea9b,2023-09-28 10:51:12+08:00,2,145,145,290
3fc950c0ae99f2b26bee5c079a22115be24fb446,2023-09-29 07:47:45+08:00,2,146,146,292
9efd3aa6ec2b08ec22bfc893cc1aaa62e4c23360,2023-09-29 07:49:48+08:00,2,98,98,196
1c0b6f3f4e35a7487edb4824744dd360f5caf47d,2023-10-01 14:18:41+08:00,2,99,99,198
bc04b7a4bb319423269f9be2eae7a2f35fc429d4,2023-10-01 14:18:56+08:00,2,151,151,302
21de8f68a5205f4d55792ebfea5eab08ec29821c,2023-10-02 08:53:03+08:00,2,99,99,198
f5b5d4943ac18b2963d1fb62cec11dd8af27588c,2023-10-02 08:57:01+08:00,2,144,144,288
8e3ac5427c354c3ba43ca14fe0807b526a910b85,2023-10-02 11:15:32+08:00,2,0,8,8
054198be0583dee8350887ef09792cdd13a19134,2023-10-03 08:32:30+08:00,2,146,146,292
418a6acbb6cad8d350542e2095114933b78b1b58,2023-10-03 08:34:57+08:00,2,98,98,196
347d915223383988918b6e9c59c879d3d6ea0604,2023-10-04 08:13:41+08:00,2,144,144,288
28fe17f28c20aff881327704aaf15d696efbfbc0,2023-10-04 08:15:55+08:00,2,99,99,198
538737be34629bab196ee1467d6211a288367601,2023-10-05 09:19:59+08:00,2,98,98,196
3491d3a783ff4e9f44c460f2f7828d0b44f706e4,2023-10-06 09:24:15+08:00,2,99,99,198
b942d2a2b6d156734190b555df7ae5aecd58711c,2023-10-07 11:28:56+08:00,2,98,98,196
608a60bae6f76a7b2de302a0fb52a67fdd9337d1,2023-10-07 11:31:12+08:00,2,150,150,300
8ff7f2629dbef72819e1533d8a648fb5069a9ebf,2023-10-08 15:07:10+08:00,2,141,141,282
bed6efebac9d11b0844820c756d9ad2767a3400b,2023-10-08 15:09:24+08:00,2,98,98,196
d613d447764fd5e3799f1e867efa401a323caa68,2023-10-09 10:46:27+08:00,2,144,144,288
08c59ef633d61d0ba3e964d0316aaf1da0a7ce13,2023-10-09 10:46:42+08:00,2,99,99,198
5edad7c9180dc042dbee64590e809bebb8a42e33,2023-10-09 16:19:18+08:00,1,1,6,7
1c502bb1802e7ca62dc77cc3ee7ca2610535e267,2023-10-09 14:29:00+01:00,4,29,18,47
da48e07ae897ba5eaeeb842c52312038c798d14b,2023-10-10 09:52:49+08:00,2,144,144,288
4af316d5ef5b744d70990882560240354b4010cd,2023-10-10 09:54:58+08:00,2,99,99,198
57e87cfd56ee293cbeef20222a469a578325ae3f,2023-10-11 10:49:38+08:00,2,145,145,290
c3b00134c756413b239daf1b2cbf0f701cad5092,2023-10-11 10:49:51+08:00,2,98,98,196
7ba77958ea13da1c496c4168e2df97d2f16272d4,2023-10-12 10:46:08+08:00,2,98,98,196
8220264a22ac467ee85ad13eb1dd1e63f690ef79,2023-10-12 11:23:38+08:00,2,147,147,294
7eb8e5849be9e34134eb5d5c6967691114042e23,2023-10-13 08:55:03+08:00,2,3,15,18
9c842a3d5f3075c15f8ce33fea8b7a87fb12a8fc,2023-10-13 01:55:46+01:00,1,0,8,8
dc338d60ece73c55cebc990476bf0c38eb596caf,2023-10-13 09:10:08+08:00,2,147,147,294
05f4068f9334ba37442e5091304a35eb543f6f19,2023-10-13 09:12:45+08:00,2,99,99,198
ac7bf5da45b61735b3020760fdde9d3793eef3cb,2023-10-14 17:46:30+08:00,2,139,139,278
64da4d28b396d43b9db6573d1cfc2f6c06730eb9,2023-10-14 17:47:04+08:00,2,98,98,196
795786f42b0d0bf86259c922b7a9f46185e7916b,2023-10-15 13:48:06+08:00,2,139,139,278
9f8c3727e0bb02b5c52b032dc48000a3f4b6562a,2023-10-15 13:48:20+08:00,2,98,98,196
738a9f281f0ef214d0124fd022d739efaa8e1480,2023-10-16 07:49:22+08:00,2,146,146,292
35d6bb8a6d55bae19d6725a53ecc185553fcdf98,2023-10-16 07:49:36+08:00,2,99,99,198
de729a4a0cccd97a0a15baf55dff7cbe645d085a,2023-10-16 07:21:40+03:00,1,1,1,2
cd61bbe3f402f891e644eb66bc92abbff389de58,2023-10-17 10:00:37+08:00,2,143,143,286
9bfe0238391bb41c9cbcff70f6a6b8f257016515,2023-10-17 10:00:48+08:00,2,99,99,198
5909619e3b4540f860d8e553e7ebe347dd17ef56,2023-10-18 03:07:42+02:00,3,17,2,19
8a07a0edccedd0f5b54299bb4556e58241659a04,2023-10-18 03:09:31+02:00,2,10,43,53
6e2417fdf66af671dbb7fefc64918db8cfb41173,2023-10-18 09:10:35+08:00,2,141,141,282
5a137be3d274f1f0caba407376482e8487e6e9d1,2023-10-18 09:11:22+08:00,2,99,99,198
9d5379645a840d0e76dcbd22315b0e8995161896,2023-10-19 02:17:08+02:00,2,2,2,4
cb0a7e4046408b167d554aa0426d81f45a4aab3b,2023-10-19 08:17:36+08:00,2,140,140,280
3e8adee97e974f52d0c3acb01d29dc56ceb7b0f9,2023-10-19 08:18:08+08:00,2,99,99,198
709ed8ec7f52479cf322ce33d12b692e14e6f083,2023-10-19 04:44:28+02:00,1,8,8,16
f7c7bf31331d475a60f1aee7e9daecc1b34b46f9,2023-10-19 04:46:09+02:00,1,31,35,66
a37f84055292c5e1db0a85f7fd7fddee46e8c87f,2023-10-20 10:52:14+08:00,2,98,98,196
0d9adb5e39c26be9441b2592cd4dd4142a4dd3da,2023-10-20 10:52:33+08:00,2,144,144,288
a53f5bd4a9dc5e19004da132d5feb463b937e96a,2023-10-20 10:52:55+08:00,2,3,3,6
0520111b3cc01fbec59a6e2b9bab7a8864f47c62,2023-10-20 16:58:26+08:00,3,6,7,13
65ec10849ec5f4ebaa60719b9999b082550b3995,2023-10-23 10:47:01+08:00,2,99,109,208
201450b0461722a673c3a243bd63960291c05e6c,2023-10-23 10:47:15+08:00,2,149,149,298
e3e82418eb68c4af242f2832138e7c3deafa591e,2023-10-23 11:38:58+08:00,2,4,4,8
85f4636ccfc20d3c7d4d4ebb52f635b9c08a3b61,2023-10-23 17:18:02+08:00,3,0,20,20
7dfe6d17f0ae36f5d95e485c9df129c1b96f3b61,2023-10-24 10:35:33+08:00,2,100,104,204
961b971deae96a1f84b9eaea33857d668792a408,2023-10-24 11:05:12+08:00,2,147,147,294
812f87ed42c48fe543a4dd707da302af002c99f4,2023-10-24 17:40:43+08:00,3,24,14,38
8a7ef0d4ad510f4068e08b65d48f18ec3bd2e6ef,2023-10-24 21:56:09+08:00,1,1,1,2
8e2c5fb6b315945b62ae35a110590020d046e033,2023-10-25 09:19:01+08:00,2,145,145,290
7eedf976cca9b359a14ef3d4feb7ac97216ef0b8,2023-10-25 09:19:15+08:00,2,101,105,206
676956aee14c147336ffcd991264fbb2a6bcbaf2,2023-10-25 12:43:08+08:00,2,2,2,4
7ede618f1632938d1f0786c81eac3f82acb7d921,2023-10-25 15:54:50+08:00,4,49,51,100
1e6d4ffd26fb1cb27b86de074dec7f1816b58fcd,2023-10-26 10:13:35+08:00,2,148,148,296
2f8735effd21a0be36a58440e46be0596c96a3e3,2023-10-26 10:56:32+08:00,2,101,105,206
93d243d715a29f49dc02b661c93007441e1878f6,2023-10-26 10:56:53+08:00,3,6,7,13
470a71638a2d312d7424bae65d3887b1d1ef89c4,2023-10-27 08:07:49+08:00,2,101,105,206
033bf87f7f6cf5469bbcdf7efa31feb883ad9202,2023-10-27 09:14:32+08:00,2,149,149,298
2ccb6e6acf3f6297d1e49be851cadf60dbc8fca1,2023-10-28 15:35:33+08:00,2,101,105,206
39a8f600f733398976aadcee22fd044f4369fdf4,2023-10-28 20:00:57+08:00,2,146,146,292
e9e1426319a9562627085c264168537b56919b74,2023-10-30 00:05:14+08:00,2,146,146,292
5adf16c55ebf9bd8610bf6d195f93652502d2cb8,2023-10-30 00:05:31+08:00,2,100,104,204
4fbe599624f0da34c4bc01bd7515e99eee31f0d7,2023-10-30 10:38:05+08:00,2,104,104,208
875bee488531d674e117391411a7be6c0fcfc892,2023-10-30 14:26:24+08:00,2,144,144,288
543a17c082f9ad6ac88e350ce1f5a519b693bbc9,2023-10-31 07:32:53+08:00,2,144,144,288
5d84baffd67d6554f561e9521aa0338130a1e2b0,2023-10-31 07:33:15+08:00,2,105,105,210
02c3c58c21df1226e03a01196f5b6411ba9253e5,2023-11-01 10:08:39+08:00,2,148,148,296
2d355d6a94f1df895079d335f6d1a43fde36e5c1,2023-11-01 10:14:33+08:00,2,105,105,210
16a0d854744819b3d83a8c272e3b7d6554f3ff5a,2023-11-01 11:04:48+08:00,2,5,5,10
54b4b660d930a1c0d4d80b0bb7b4a30d0d7a5f9c,2023-11-02 07:15:28+08:00,1,1,4,5
20d1624cf0f14d36f90c2812a6d4ea8d53a026d8,2023-11-02 10:03:00+08:00,2,104,104,208
f36c0657626927e69597ae95dac9c95ec292b2ab,2023-11-02 10:03:06+08:00,2,147,147,294
e04045f05bb176fbe166f325baaafcca1c9128dd,2023-11-03 11:10:22+08:00,2,147,147,294
43d88105374f40f42a3a18c1b425c349a7314a1e,2023-11-03 11:10:47+08:00,2,105,105,210
8d6edc33f6a052a9b07a4dd9467f1882c4fea58d,2023-11-03 12:23:25+08:00,1,5,3,8
367fde85bc936f3b5497a6e3fb48b391f6ca4ab6,2023-11-03 12:39:39+08:00,2,2,2,4
fadd9ee1d9c7f447f8c6aea775eec286ca9a95a5,2023-11-03 13:10:43+08:00,2,2,2,4
0e8d20d1380064faccf18ec4a5c19e1246b96a9a,2023-11-03 15:03:12+08:00,1,2,2,4
d4d94b9f66056faa80812efd379bb7139f173dea,2023-11-04 09:10:11+08:00,2,104,104,208
fab48b6835c3833b469f4085b89e15ac44ccbeeb,2023-11-04 09:10:24+08:00,2,148,148,296
0b04c3d4c4ac2d6dc0ef8e11c1e4888b68fab568,2023-11-04 12:26:54+08:00,1,2,2,4
21225102709cab3d2555f179b65a2e67faaed2c8,2023-11-05 18:40:33+08:00,2,103,103,206
75934a3c7b4abb43e24cee5f6f54b8198bd0d90f,2023-11-05 18:40:45+08:00,2,146,146,292
479abd41dbaaf84d76aea7ebea464831b1185572,2023-11-06 08:36:08+08:00,2,144,144,288
c6a2a032f97f023fe760a38f16d1eee119cca930,2023-11-06 08:36:25+08:00,2,105,105,210
fe47df7fa0eb7798adb0b22e4560924456446ae7,2023-11-06 12:13:01+08:00,1,1,1,2
a57565920f0878bb69340a0cc31ec38ade63c288,2023-11-06 12:18:34+08:00,1,1,1,2
f0221f04b9ee7780d36d3ac7cb6063aef742722c,2023-11-06 20:51:18+01:00,1,1,0,1
1c3be5b594aca1d3f643bf56974dea1bbac6a640,2023-11-07 10:05:21+08:00,2,7,7,14
99634da91669c7134c06bb805c200ccd331fbaa5,2023-11-07 10:05:44+08:00,2,104,104,208
9587f3ae27ac97052dc875c011b45a6dc9950574,2023-11-07 10:07:24+08:00,2,151,151,302
9cf5f065b981757f2cd2d97253c11d3b7bc1f7e5,2023-11-08 10:20:51+08:00,2,105,105,210
fee70a0dbb88232149323b284562a4b35ed3f6c0,2023-11-08 10:21:34+08:00,2,149,149,298
c305fd8f1c616e7e3f289d72e3a5ad4d57960f6b,2023-11-08 16:12:54+08:00,3,6,7,13
ce09c238aebd7e358a736cb9f661e96be629c050,2023-11-08 15:03:59+08:00,1,2,8,10
d7ffa1a9126f3ea81a307f1ee7e370bc90264274,2023-11-08 15:04:57+08:00,1,2,2,4
1f71a0991d81b19b41a22a265f840ed7fb985be9,2023-11-08 15:34:44+08:00,1,1,1,2
5800bc734de56995b2615a070c14a392977fa74e,2023-11-08 15:35:12+08:00,1,1,1,2
63923e852bc921a73d17fc302cdd6f911f62aa34,2023-11-08 16:36:24+08:00,1,6,20,26
bba140a9e82534e357de1f5114e8832634aed6e5,2023-11-08 18:32:38+08:00,1,8,8,16
5ce05aacb77efb58b32da95557dbedb275cef28a,2023-11-09 10:35:54+08:00,2,149,149,298
4fb7dbcd799ce99417927944bcc5d01e8c3d60c1,2023-11-09 10:36:02+08:00,2,105,105,210
58eb4413670f968fac2fd39313162ac141d20933,2023-11-09 10:38:55+08:00,2,18,23,41
f8747a646d705019970b0ab3d6a09197a794a55e,2023-11-09 13:19:48+08:00,4,17,26,43
c7a39f7fab8e8ecfa172c968fe33b15b9b6bf6df,2023-11-09 23:48:28+08:00,4,26,17,43
81419a6a64747c8f7886e1c02d2395d710fe6f90,2023-11-10 08:37:28+08:00,2,149,149,298
06779b312a367d93b14a5f578faa24c62d68c0e0,2023-11-10 08:38:47+08:00,2,105,105,210
a890b2bc01a3579015722ad18059fa35e742b231,2023-11-10 14:22:42+08:00,2,0,10,10
0e54bf2a8f3a1a987a9bb49689e186ff9a086ac0,2023-11-10 16:29:39+08:00,2,8,8,16
cf0b6a4e1b5a095b595b45b1e1cbdf556afc41f4,2023-11-13 15:41:21+08:00,1,1,1,2
b7113f38f2049f548c894e5801688dc049f6a3d9,2023-11-13 15:41:41+08:00,2,104,104,208
7a8eb829383be20660a3b9525dfd01a13c34d618,2023-11-13 10:39:55+00:00,2,14,19,33
c48dc81e178c4eb8feaf7b671c56badf69b3b16a,2023-11-14 09:02:08+08:00,2,152,152,304
a2d78bf1bad62d610b51ae2b8c7e71abd9cb4efb,2023-11-14 09:02:28+08:00,2,105,105,210
e2619eb8a33663735f63a6eb180b749b3826c4cf,2023-11-14 11:54:25+08:00,2,13,13,26
67e378a5182a529398d833c9f60c59e871c495ad,2023-11-15 10:28:46+08:00,2,150,150,300
2d456e549a1c496171c914f51f73eadb02f1c84d,2023-11-15 10:29:06+08:00,2,105,105,210
69bc6e461469496495aef944fe8a46073123cff1,2023-11-16 10:32:18+08:00,2,149,149,298
096563d29e62547a7af915c2c7faf24a716a4c73,2023-11-16 10:32:39+08:00,2,105,105,210
29f147ee875a04f159013386c3a2516c821c473c,2023-11-17 10:52:39+08:00,2,152,152,304
bc7bccee6f2f038419363380ad4bbf336aeddcfb,2023-11-17 10:53:01+08:00,2,104,104,208
d48fffbd04a5e2e181222e8629b6d802edc2f8f2,2023-11-19 19:33:40+08:00,2,150,150,300
a2759a28284926193b88e966ca6714a5e8a6c187,2023-11-19 19:34:12+08:00,2,103,103,206
23730c9d0975728d44bc45e3daa38150188a1b6a,2023-11-20 08:00:21+08:00,2,150,150,300
8f5c76e7ca5ad5044fa056972c0dc1751c6dd9e2,2023-11-20 08:01:00+08:00,2,105,105,210
04317be3a78e33b1d7aa65af9a0414774bdae592,2023-11-21 10:17:04+08:00,2,105,105,210
8398ef6d10519e490ab9879235cfde18dbf30e26,2023-11-21 10:17:21+08:00,2,146,146,292
94070623ff42e77ee0b31acbc326af6790ed858a,2023-11-22 09:38:20+08:00,2,150,150,300
309a3c99857128eb69da8f6fd8c6ba0813ca4502,2023-11-22 09:38:58+08:00,2,103,103,206
88dde9a4dde818bb588f7940b857e11c93bfacca,2023-11-23 07:17:45+08:00,2,3,7,10
f5689bc769bc605a4f516ffecf34fe936417024e,2023-11-23 10:00:34+08:00,2,151,151,302
f8caf2b3f233da450ab392510d5249d826945e43,2023-11-23 10:01:59+08:00,2,105,105,210
e49e9904d4ddc2a7d2d5dcfe2b77a974997ee3ae,2023-11-24 08:47:21+08:00,2,149,149,298
01459750d29357a60066d81f1e3026cf6abaadb8,2023-11-24 08:47:31+08:00,2,103,103,206
e0d45534dc7be3605052d4902bf927aef29bf7d7,2023-11-24 07:48:30+07:00,3,38,47,85
15058d7cfbdef729049d1c76ca8eb1f7331fc288,2023-11-27 10:38:38+08:00,2,153,153,306
310c4239f958473eb778ee8d215f32085372a78b,2023-11-27 10:38:58+08:00,2,105,105,210
09b572efe3ed7bd7329c0fb2611a8fd3cd02b64f,2023-11-28 10:57:57+08:00,2,104,104,208
c425f9f7d21c948740b46606a22007a1c5d9258c,2023-11-28 10:58:08+08:00,2,150,150,300
b16ad558ac4574b8754b1ca978c46108fdf1e74b,2023-11-29 10:46:30+08:00,2,145,145,290
231b7990a586d2c7ec7119dfaef42026f8d84529,2023-11-29 10:46:49+08:00,2,104,104,208
b26257492817795ce98da1f281a0f6c65ae6995f,2023-11-29 14:45:01+08:00,1,5,5,10
e10c64491dc8e141db80b6340aa2dc44befea5bb,2023-11-30 11:37:59+08:00,2,151,151,302
b0f5a788d52f277eb792b65f2a33806dfe46f41a,2023-11-30 11:38:10+08:00,2,104,104,208
d46025b822a3a6c779c49b77bbbcd77cb5b99c36,2023-11-30 12:29:41+08:00,2,11,11,22
57490c46507f5bf2f8a1dca2cae704afb88dcb43,2023-11-30 20:44:41+08:00,1,6,0,6
a79b1237eebcd048e94585e2765ae508336feb31,2023-12-01 10:35:34+08:00,2,146,146,292
72efa6d108dafc3059f6c5ab295920dac10e1d86,2023-12-01 10:35:53+08:00,2,104,104,208
3a8a6fd6c6ac0109107f89154c8935220f80f502,2023-12-01 13:53:34+08:00,2,18,18,36
1df5ce74731df208a8a8c3314abb1725b1998f3a,2023-12-02 23:04:02+08:00,2,147,147,294
32cc94304a7a42f2b598de8b6289a507865e2050,2023-12-02 23:04:23+08:00,2,107,107,214
02787a971a378f5b7b8acce20ab42ab3f7aec014,2023-12-04 11:00:45+08:00,1,4,4,8
a1447c27aa8cb5d8fd88106dd9b606dcb3eedef5,2023-12-04 11:13:06+08:00,2,150,150,300
7f7cd25de38a89308a67568ab5c1943bbad3e92f,2023-12-04 11:13:24+08:00,2,110,110,220
f13f0e15ff1b035a04289e3c6798915b0f5546b2,2023-12-04 11:13:41+08:00,2,48,48,96
3a0183eefa65cfb10f93068d05be4bd1bd437c67,2023-12-05 10:44:49+08:00,2,151,151,302
94858806e4aa00748c72384ad4d82de51edd466c,2023-12-05 10:45:09+08:00,2,109,109,218
c1e29e8c78b86f135e892461eea0b9c71a874e4c,2023-12-06 11:05:55+08:00,2,146,146,292
4fd9fe178c065a66dd5cb6be991f6c4e91951ed1,2023-12-06 11:06:14+08:00,2,107,107,214
b29d54ec4c30a4f787967fe473972fb1baf2ef86,2023-12-06 11:51:14+08:00,2,3,3,6
9451be89347d993c8fd9958a04ff8b38acccf070,2023-12-06 11:51:32+08:00,2,20,20,40
a152dafa7d177d993642de4c6a0797fa7bbf525c,2023-12-06 13:25:04+08:00,1,2,2,4
422a2df91989568479fc77a2b24eac387478b6f3,2023-12-07 10:27:47+08:00,2,110,110,220
39d10d4778793e655ccfe29cda525306ce685c4b,2023-12-07 10:35:53+08:00,2,146,146,292
58b69798f307aa3647f6ffd7c4effa48ca32e383,2023-12-08 10:13:01+08:00,2,109,109,218
fb421705a5e7d58eee9df3b419f80369ed9e94fb,2023-12-08 10:29:21+08:00,2,147,147,294
b4136ea15c4da148493fe3fee1a8581bf766aa31,2023-12-12 18:56:00+08:00,2,152,152,304
de92158555a3c767ba4f5afbd65d8a62a12a8e90,2023-12-12 18:56:19+08:00,2,110,110,220
38af276c8c7f313a6f88e2a1a4fbbd8a0f6b5124,2023-12-12 21:37:23+08:00,1,0,49,49
edf6b7e7b6814ef72fc92855f372b84b53f27490,2023-12-13 09:49:10+08:00,2,147,147,294
20e76b054464e9495f06517e8305e0a32d13e7ad,2023-12-13 09:49:29+08:00,1,16,16,32
3c96155aaf7ba1265c703557e5b2a02668cf377c,2023-12-13 16:45:20+08:00,2,2,2,4
63a28d899f6d67bfc329c798842aa23c5725a684,2023-12-14 09:35:20+08:00,2,109,109,218
62d80b9dcdb83ef731234b4b5975e113e23ba902,2023-12-14 22:04:42+08:00,2,16,14,30
f88d9d57cc375a4f2c9fac8ddd0071ec34369db2,2023-12-14 22:55:07+08:00,1,0,70,70
2fdcdf44212ac903529e5f335cdb45fd8dbab6eb,2023-12-15 10:38:23+08:00,2,151,151,302
a3caad378ac5abbac4b06b4df76806326e28440d,2023-12-15 10:48:14+08:00,2,109,109,218
439dce1285088eafba517718d6bc6ed71efacf1b,2023-12-15 11:37:13+08:00,3,6,7,13
614c794d310f162c4a9087df632e3507579fdde0,2023-12-18 13:37:38+08:00,2,153,153,306
25f243e8b0e6c96b117098ff47942c789ad1aadc,2023-12-18 13:38:11+08:00,2,109,109,218
d7bf02ea60f3c4a4edd4122d55903f51e40a4b61,2023-12-18 16:34:57+08:00,2,14,16,30
4ad4d1ff07bda7dba3b7c20619fc328bb7f6df20,2023-12-19 10:16:51+08:00,2,108,108,216
b45ba6da408fc3161e1a5ef60e5edecd801fdb5f,2023-12-19 10:17:37+08:00,2,150,150,300
552f373005d4969ce109e8ad8d3803f4ffe90535,2023-12-20 11:11:53+08:00,2,148,148,296
c4e354f5079cc0894f8053d1778dc11b8c9b7649,2023-12-20 11:12:05+08:00,2,108,108,216
21938402cfdb5c08fe95b7ad2e82b7689ca4c4e5,2023-12-20 11:38:16+08:00,4,0,51,51
72a60f1b60fd57ad0cb22c7ff3e571bedc188353,2023-12-20 12:30:08+08:00,3,10,27,37
6d933be53a0d4e66b707185bdb3250b022610bed,2023-12-20 14:41:52+08:00,1,0,50,50
a6a2d7ece27a5de17c5ad2f8ffab053d0d6b16a4,2023-12-20 17:39:28+08:00,3,0,42,42
fda839be4d42df50e6bafb655f8a0ac52788dcd6,2023-12-20 20:20:20+08:00,1,1,1,2
ac2a980e739dcd5a137b1f504d7e1399066ff4a3,2023-12-20 20:34:42+08:00,2,11,19,30
3b2d366d7ade5e1e26f9f7cd10d45e7d59f6a2d4,2023-12-21 10:51:51+08:00,2,149,149,298
94ed7c438ff0f2c9ac7260501da708ab6ff01930,2023-12-21 10:52:07+08:00,2,108,108,216
7ce578f51c520c6721df8bfc100a3220203ccf88,2023-12-21 14:45:25+08:00,3,12,28,40
b2ed21259d7256961ea5859cfbaa762490417627,2023-12-21 15:21:28+08:00,1,8,8,16
6b30354d700aa0c3f8b830571107d2bbc071d7bd,2023-12-22 08:42:52+08:00,2,104,104,208
17530142bcfcfff3c84d22919b06318377a3b6bf,2023-12-22 08:43:08+08:00,2,149,149,298
291979e0265f6432d615d897af87bdedcb94b835,2023-12-22 12:09:58+08:00,3,0,119,119
c5f99b816aa82258de32f2f94ea7f569ff068698,2023-12-22 15:26:26+08:00,1,4,5,9
4857e8e2d7ea8aed8b0d67d154aace80de1cdc7c,2023-12-22 16:44:28+08:00,3,6,8,14
76b1e3aa1cfbbcbdad862bf50db3addee664321a,2023-12-22 18:27:18+08:00,2,2,2,4
6ad3b67188a5e22a8831dc9ca92d21fc31001189,2023-12-22 20:24:28+08:00,2,15,42,57
7cab10256f09b5c8d82d525471f948fc1baf12b8,2023-12-22 12:53:47+00:00,2,32,5,37
67f1dc854cd334989bf3ee942649f52409ab2b9b,2023-12-23 08:59:16+08:00,1,1,1,2
50cd4436a17e13612cb2bcb022af25e34932a470,2023-12-25 08:03:19+08:00,2,153,153,306
a5b0bb6c449c7674dfa877fd98fb67390b9bf373,2023-12-25 11:05:18+08:00,1,34,34,68
a1ec12d307e4b2e66188ecb643b33dba6ef18622,2023-12-25 13:16:52+08:00,2,105,105,210
b69b10baec8b595081950ad4e99a243f9e2a1e48,2023-12-25 05:20:21+00:00,2,17,4,21
7bf73e64453f3c79fd32e647c991a6b508f136ef,2023-12-25 14:24:59+08:00,2,6,18,24
054c7fcf03a855d4bcea44241e89ef4a09a4a81f,2023-12-25 15:15:25+08:00,4,17,6,23
d0218e3a2305a5ab83a1f923e88d2f92934a8978,2023-12-25 15:54:24+08:00,1,9,24,33
ff9f301ee2f3d5e607f1e8f999b83aa6aeb3f83a,2023-12-25 16:26:27+08:00,1,10,0,10
41ad009ff71dda6428ca7d4061a8b5a970a98c76,2023-12-25 21:31:05+08:00,1,0,105,105
e040970e5f2d5a9b4e37eeb33e93101547c9a352,2023-12-25 22:07:02+08:00,1,5,12,17
cf3046c803649c9eb93a2a595135248d97be6fd4,2023-12-25 22:16:22+08:00,2,0,15,15
ce3273701cda0406b7cd4e14bcf4fe1f1c6479b1,2023-12-26 08:40:57+08:00,1,39,43,82
fd7945bb42747cc40ab3b3b51d0219ac40e4ee0a,2023-12-26 10:30:09+08:00,2,104,104,208
9378499e01150d45db18984ec20dbed4130d9499,2023-12-26 10:30:27+08:00,2,151,151,302
b7e246cc133505f5748abe50f1d8b35330be5eb2,2023-12-26 11:47:49+08:00,2,2,2,4
048bd548c62447e8b0ca702efa3391f8ee8d7767,2023-12-26 16:06:58+08:00,1,1,1,2
85392364ea29042fe345d5ea8eea757c2a33e900,2023-12-26 17:29:54+08:00,1,3,3,6
518a2a39c30beaf023c7763d232fffbd79896de6,2023-12-26 17:40:36+08:00,1,35,75,110
ff4f6fe912b2cd70e5486b44a59cd8e5588abc3f,2023-12-26 18:06:25+08:00,1,1,1,2
5a5566cfd8464681633e798544ea9a5deba17fe8,2023-12-26 20:21:48+08:00,1,0,18,18
a0b374d31e7c95ecc120a28082dff8924bafbd6b,2023-12-26 21:06:43+08:00,2,0,15,15
7eb7d516aa8721b804f5fcb19f78617c2b23efdc,2023-12-27 08:27:03+08:00,2,104,114,218
55d301139605f421f19546c34c72cb11b032804e,2023-12-27 08:27:20+08:00,2,151,151,302
4671fa01abb47c7d627d35afe04b59024a02e8c4,2023-12-27 11:56:03+08:00,1,1,1,2
5cac93b2e964f4602e610b3866c5fffc691994f5,2023-12-27 13:08:59+08:00,1,0,1,1
2ca8a0aec0856241a9d5a5373fd4d99fe6607019,2023-12-27 13:44:23+08:00,1,10,3,13
ad5b0d80ae03cae572383a3c6aeddc9a92e49491,2023-12-27 17:35:09+08:00,1,2,2,4
6f6474e8b473be198a17977487bcddb450902c3e,2023-12-27 17:41:05+08:00,2,110,110,220
e4a2bf4b42c20b26c9b67a51de3c5c5ba8caf89e,2023-12-27 17:41:42+08:00,2,142,142,284
4de5b5077cd32932ef357cd4417f11f479b1fd89,2023-12-27 20:53:22+08:00,3,5,14,19
032c8619ff15421843dd30ea9385653c13bfec01,2023-12-27 21:10:17+08:00,3,0,68,68
89dd3147b7926137014febcb390e254c0d97679f,2023-12-28 10:31:54+08:00,1,17,17,34
1be2fb737a99baef2b384a08622810a69e771422,2023-12-28 10:32:12+08:00,2,150,150,300
b525f12242623d52054540711d06e9d60409631f,2023-12-28 12:44:43+08:00,4,13,26,39
56be5968da2d7671ada1025a1b28b9a0d807d7b0,2023-12-28 14:19:26+08:00,1,4,8,12
5cf6af8e1dbc15e1460bff95e5f4df2d3f71f3e5,2023-12-28 14:49:23+08:00,3,0,25,25
3ac65d5a7076015e7aecb6bb5ca7c2e0940079ac,2023-12-29 10:45:16+08:00,2,107,111,218
6931cdf98707a25630db71a5c3d12ffbe351690d,2023-12-29 10:47:49+08:00,2,150,150,300
13f6f027dafd9a7c352539982a185b906a1b1878,2023-12-29 13:26:03+08:00,4,5,13,18
c43dee099accd9344c499b6a2dd15e2518c4ed02,2023-12-29 14:04:31+08:00,3,0,51,51
3287f2021ff320126e02e52bd501375dcacc5ec9,2023-12-29 14:37:34+08:00,1,1,1,2
9465ccde1fa773933eb154bf54a47a677f9e47eb,2023-12-29 15:21:25+08:00,1,4,4,8
8d0ef09023d2a3c0b36bb21aed3c285490e99ea4,2023-12-29 16:36:03+08:00,3,19,19,38
8df55f1b703ace9f2996d83d96d82a3835f0dbd6,2023-12-29 22:00:25+08:00,1,10,7,17
dc4184e14bf4344ec8d6b2b999f1523b65e617b5,2023-12-30 08:50:35+08:00,1,5,7,12
89837f3fb310b107da6d418cffde29f3302daf63,2023-12-30 08:55:48+08:00,2,0,17,17
e8220bedb5eb6c3d666e2fac2c5bf99b87f11e0a,2024-01-02 11:24:40+08:00,2,155,155,310
e078f0becebb756447c6c021e7c3ba1a092dfe95,2024-01-02 11:25:15+08:00,2,105,109,214
58d2b249da7e61c8f4937d1910ec61331a130c24,2024-01-02 11:37:15+08:00,1,1,1,2
a2ad52eef4c28b636623a1c9da0967a3361f86bd,2024-01-02 13:17:29+08:00,2,1,9,10
959fbfa075ecc0116935c0c192004e1d53c3a8c9,2024-01-02 23:12:22+08:00,2,0,34,34
fb8494616161cc70e0cf003bbf70ae5b2f3b395c,2024-01-03 09:53:52+08:00,2,151,151,302
118cd7afbbfe84862869127deea4d82bfb4917b3,2024-01-03 09:54:10+08:00,2,107,111,218
bccd968664c20d27a01889560f8f8ee616513a75,2024-01-03 11:00:11+08:00,3,2,19,21
8c79e26f6fa12a168f8a7a2214da1883249495c9,2024-01-03 11:03:45+08:00,1,1,0,1
e7f381edba9569c1a74b49cd0208784a66ada8b5,2024-01-03 13:42:20+08:00,2,5,2,7
7cac925ed66a7a2c265f894c8a973a41ca53b505,2024-01-03 16:31:25+08:00,1,1,11,12
8172f8830347a5f153908429bc8798ed4044bc22,2024-01-03 17:50:05+08:00,1,2,2,4
8f4e8deb7a253ddd173f441c84f71f0087207a23,2024-01-04 10:05:39+08:00,2,154,154,308
b7551ef49383ce6cbc01197982857d5128920792,2024-01-04 10:05:42+08:00,2,107,111,218
74e5f7a67eac9e9673b1cbc2e74a43fcd49bf447,2024-01-04 10:34:11+08:00,1,2,6,8
7816fc8c37b5d10351074150f47d95b7a613e031,2024-01-04 10:34:23+08:00,1,2,6,8
1638105655966bc8c503ef492bfb5ecdc37cf81c,2024-01-04 14:00:53+08:00,2,3,3,6
ca9ecf07d2be34fb5a3923b9d0c4f08113172967,2024-01-04 14:29:36+08:00,2,16,35,51
98acde79afc4133928b2574ea29c48d7a442ce75,2024-01-04 17:29:13+08:00,2,2,2,4
738c749d1a3a5b485db399b0cd6799f56b3dcdb7,2024-01-04 20:40:30+08:00,1,1,4,5
69907518bbb0b330508dd120e45b411a7b31105f,2024-01-04 20:55:13+08:00,1,0,2,2
b33b6d6d12beabd7380cc51a9c999f2e14989607,2024-01-05 09:42:30+08:00,2,148,148,296
7147d27fad7275e764089d203eeffa531f476e60,2024-01-05 09:42:37+08:00,2,107,111,218
63cff538e61e800659a7bda4f01e4f03f322c21b,2024-01-05 12:54:04+08:00,1,0,23,23
1b812af890229b34fe20de018bec4412441cdb27,2024-01-06 16:21:59+08:00,1,0,7,7
601c96215f75ae4f57f73969f9401a2ce190725a,2024-01-08 08:48:23+08:00,2,151,153,304
23a9929c1afc9d2093bcdf2c0fa79e8fb780a034,2024-01-08 08:48:37+08:00,2,106,110,216
6b6291b6c432b36529229847f8276076a26b09eb,2024-01-08 01:48:48+01:00,4,5,12,17
8597102007615b19b60dfc02d7e9282918267bd7,2024-01-08 14:53:15+08:00,2,48,48,96
75b8f1110df81763ca175f0c44dceb5f112273b9,2024-01-09 10:47:24+08:00,2,146,146,292
0403dc73e46ead0d2770928985c1b9215e063313,2024-01-09 10:47:43+08:00,2,114,114,228
e5fb0ededeef8496aa0ff48026c613225e25eba9,2024-01-09 10:48:05+08:00,1,1,1,2
5ad04ea4801ce5a98901cb07a723a7465891b622,2024-01-09 03:49:03+01:00,1,2,7,9
9b9b457ff0882c0c273680da4389d2afdbe6cc6b,2024-01-10 10:43:52+08:00,2,115,115,230
323ce3166164af6bce1c97d3f59fea939a984099,2024-01-10 10:44:08+08:00,2,152,152,304
c9a030c164965e09c1dd8b7cdc94bf04488f5d0f,2024-01-10 03:44:36+01:00,1,32,43,75
2d82163b27d369b34eab317833c92c809ab46f1e,2024-01-10 14:01:15+00:00,1,0,10,10
14e23f304756808aed09a98df23c847da6a41e8d,2024-01-11 10:06:07+08:00,1,17,17,34
16e81905dd496ca64f5f70c091099afde5e7bb22,2024-01-11 12:41:21+08:00,2,5,8,13
feaf56ac16f532b6d8dc67b4fc9fe6cb310bd668,2024-01-11 12:55:29+08:00,2,13,13,26
4d0f52573a5f7810339f2fa60205999fe6d3743d,2024-01-11 14:10:12+08:00,2,6,6,12
46450040cffe071efee10b9c868538cac8b42b4b,2024-01-12 10:26:18+08:00,2,114,114,228
5edddb64aa67b8d0c7397d1fc01ed0fd6666a041,2024-01-12 10:27:20+08:00,2,154,154,308
f83fa9fd804685fa3c0c4cc1aef3f1b873958286,2024-01-12 10:37:13+08:00,2,22,22,44
1ad59dbec6e4955843936b4aff00ac303f32acc5,2024-01-12 23:58:58+08:00,1,3,9,12
1b367b88c289d1905d0d99c2964793a45f13f99d,2024-01-13 00:07:53+08:00,1,19,0,19
c26f21d926871b10a645a964826bec38c4c35f7c,2024-01-14 14:40:04+08:00,2,114,114,228
0aa360d43876bba5ec81f767ae1d63af989f0015,2024-01-14 14:40:27+08:00,2,153,153,306
f38ff52ebbf44f0492a329911dcea896ba28e46d,2024-01-15 10:24:32+08:00,2,148,148,296
ef50410595961cb1a0e817741c18c3ca54816876,2024-01-15 10:24:56+08:00,2,114,114,228
abfbf7eba522deed775ab80f392c2f1e79b3d30f,2024-01-15 03:43:08+01:00,1,2,4,6
dffeb4683c039dec4907b15a13689f01d0a34b87,2024-01-15 10:47:18+08:00,2,10,2,12
52100049f0568c6889b319169895ee84f5e53e83,2024-01-15 14:03:33+08:00,1,1,1,2
3a3563e78cbc489bb4f574aacfad6a189c2c3f45,2024-01-15 20:19:29+08:00,4,16,13,29
f45f7ae08ff9cdbf6f20121df62b4d412f18e7c2,2024-01-15 21:32:49+08:00,1,0,19,19
f41e76f37e5f5d6261b64a5c19200c46988c36ff,2024-01-15 13:51:19+00:00,1,0,9,9
6a03f787ee47ceb55ab7e79fd762668c4d2c0f16,2024-01-16 07:58:34+08:00,2,152,152,304
e0502678c93277087b5c0144816e4932dbc3f789,2024-01-16 07:58:49+08:00,2,113,113,226
03aa695a0ecb36ab4f37dfbaa77128b752c477a0,2024-01-16 12:08:31+08:00,1,1,1,2
dd6c02d89bcdbf579451da44ae5e8654aeaed6d8,2024-01-16 06:13:11+00:00,1,6,13,19
669601f8761c6de6cb23c38d3e690e53689b9742,2024-01-16 15:02:38+08:00,2,14,12,26
2e1808deff7a75235e077bfb68fc58bb308387a5,2024-01-17 15:05:54+08:00,2,151,151,302
dd175cf9ed53084760bb49ce0ccaa8484988ec14,2024-01-17 15:06:31+08:00,2,114,114,228
c9cb0887a5bf93dcfe9ff29d50ce92ebef071e05,2024-01-17 18:53:23+08:00,2,1,5,6
f7b27938cc155abb61365b25b361f204bc4e186a,2024-01-18 03:41:40+01:00,1,49,24,73
bc645d559219da1237bd7ea9bf5a5aea648bf860,2024-01-18 03:42:17+01:00,1,1,1,2
136e6fe6c181858ee3a95956a02a82da624a7c82,2024-01-18 03:42:42+01:00,1,1,1,2
5a05aca4a3d7cf38cb4ba9b20d4b6b103961dd62,2024-01-18 10:42:59+08:00,2,111,111,222
8ec1ec28c24406eeee887be86383b3072c1e2a18,2024-01-18 10:43:19+08:00,2,150,150,300
389303ecbf9bcfdd1daa7f3b90ee6479591e59f0,2024-01-18 16:24:56+08:00,2,116,126,242
7dda8767d06d3195ceb98ad9d65906872913a857,2024-01-18 12:14:12+01:00,3,34,31,65
0a8140f850f8d683ede7bc202e684e082752580b,2024-01-18 12:15:24+01:00,2,14,27,41
dcfeb014ebe476567eb664513ab161437fc56f2d,2024-01-18 12:17:56+01:00,2,10,20,30
ac2da9d2eddb3bf458bbbc20a165e980a6bd0613,2024-01-18 15:25:55+00:00,1,10,10,20
f97d36d08864ce96fb9950fc897f62e595d2a30d,2024-01-19 10:03:06+08:00,2,153,153,306
d538d3f144f4c63a1932cbc1696b3fd935a59c59,2024-01-19 10:03:17+08:00,2,110,110,220
5e576ca2759cd734fd40f0929ad4b3bc9555ef17,2024-01-19 10:11:49+08:00,2,2,10,12
5dd683fac8ef4c351329a1f3952de162e5766027,2024-01-19 10:15:11+08:00,2,5,11,16
41352cc50325e6187b1036348bab494de769d480,2024-01-19 10:30:07+08:00,1,1,1,2
1b2cddcc978247b03b801f0e19101b7ecade6529,2024-01-19 10:35:38+08:00,3,39,2,41
63dbaa82eda0be458c865115c6a00501eccabf84,2024-01-19 13:43:14+11:00,1,7,7,14
1459a007e90d8f7f594a1ae49c20d2bfbe843401,2024-01-19 10:50:55+00:00,3,42,38,80
cd192046edf0096a409e6391ffc181040599a8e9,2024-01-19 19:44:00+08:00,1,0,6,6
d7542db7f65e85fc9fdaa0a1d584d6d5209ed9af,2024-01-19 22:05:57+08:00,3,11,17,28
d6ab67bcf507a0c4bc75c07562511dffb665ac46,2024-01-20 13:07:02+08:00,2,145,145,290
5d2dd2f38c184d706a0c3e20bd3869b1eefccb07,2024-01-20 13:07:15+08:00,2,116,126,242
cbfc6ea2997629cff90a04975e45a8de3374d2c1,2024-01-22 09:07:24+08:00,1,0,1,1
7dce720522a0a06f93b4e216fb1dcab6a6ec4e72,2024-01-22 09:07:51+08:00,2,123,127,250
0c229c23d45ac2d0ba332628e0a41e374d352820,2024-01-22 10:11:29+08:00,1,2,2,4
356ec05f6375bb162cb58c0589a7797db627b3ae,2024-01-22 15:03:40+00:00,2,2,6,8
d57fc745dbbdccdf639d2c6562c85c6ff6db5c67,2024-01-23 08:02:00+08:00,2,121,125,246
90e71783a2100b9a131d2da330bf3f6b1350159c,2024-01-23 09:19:07+08:00,2,152,152,304
065e2daa3deaab11633e7291198bf7968e2a5990,2024-01-23 12:34:30+08:00,3,15,9,24
7916a1f947513c42441f25006eff831d7b10f6c7,2024-01-23 14:28:20+08:00,3,26,23,49
cc6b537220713ecdf2792cbd489ea972d0cfa099,2024-01-23 16:52:56+08:00,4,46,68,114
d6bcba332ad48fc3ce02602fe1807528f29b2e26,2024-01-23 19:41:36+08:00,2,1,20,21
4bbb2b866cdf81e68f04a6a2e4525658d4bef9c4,2024-01-23 16:37:57+00:00,3,16,3,19
0075672e31420b7c4e14181dccac1c6815be3ec5,2024-01-24 05:30:36+01:00,1,6,12,18
