,hash,date,files,deletions,insertions,lines,is_reverted,changes_in_30_days
0,c3367d34ed0eca52c1a50e929569d0ea46e14111,2023-04-07 05:00:33+00:00,2,5,10,15,0,0
2,b52bc6579ed48ba6f6f28058e1453645ec93e6cb,2023-04-07 07:36:34+00:00,1,1,3,4,0,8
18,6f64cdaf4a00f42f16807516c5beae03badfb1c0,2023-04-07 09:55:08+00:00,2,14,23,37,0,5
19,52a1a0182d4a93ea49be228bd3ec386acb1f23b0,2023-04-07 10:01:45+00:00,12,40,98,138,0,146
23,21598174c8618f179cb11bfe3effa13acbcec0ac,2023-04-07 15:29:28+00:00,6,61,280,341,0,72
26,0b1b8e19437e5bfcea4fef772b69e0f722025fc3,2023-04-08 14:43:35+00:00,9,91,231,322,0,61
29,9f2bf6b370c40fae42752ca0ef9653fa99722f73,2023-04-10 03:44:18+00:00,37,313,1451,1764,0,262
30,8a882c700b5b0dfa5f07f3fe6a65a88baf031036,2023-04-10 03:44:53+00:00,2,7,35,42,0,45
31,72a028232f83753e02363cc7449e9d5e45d21392,2023-04-10 04:07:44+00:00,1,3,14,17,0,0
32,f05c0677ef09e4e7cf924ccdfda77523ac9e07d6,2023-04-10 04:29:17+00:00,1,0,3,3,0,0
33,72a153ee212f7a7fea0edf78c1454854514557b0,2023-04-10 04:55:20+00:00,1,0,3,3,0,0
35,9714200e3f931db86592c915304d3a0d02e15cae,2023-04-10 06:58:35+00:00,6,12,18,30,0,41
37,edf9385daefd01f1170155e3862ea30cff8bd42a,2023-04-10 07:02:58+00:00,6,32,50,82,0,39
38,0f78106469481922d8ce54ab6c892337fa022940,2023-04-10 07:14:47+00:00,1,1,5,6,0,18
39,f710ef10afc1a7534882ebd1941c8ab976021d24,2023-04-10 07:33:58+00:00,1,1,1,2,0,18
40,ae118c6577d559b6c322d5fc30e1699c07660cce,2023-04-10 08:36:21+00:00,1,0,12,12,0,2
42,878cb6befc1d3bc60dfdf7ccdde0295f14c95b47,2023-04-10 10:16:14+00:00,5,15,63,78,0,21
43,dd6cecab188c5328d331d14de3f8701510888274,2023-04-10 10:51:59+00:00,1,0,5,5,0,0
44,ddfca06167c95e9aa8f263f9e8979ff5258caa61,2023-04-10 10:58:47+00:00,1,1,1,2,0,0
46,4eccbb8950dad2a0570b68b1507c598bf3b06cbc,2023-04-10 11:10:49+00:00,1,0,7,7,0,1
59,d7eaa17b3935d91efe4b44f315975228907ad59f,2023-04-10 13:59:39+00:00,1,2,2,4,0,17
60,7316074af3348786a11cecbdb1f3abb84b24d67d,2023-04-10 14:13:42+00:00,1,1,1,2,0,8
62,c9d584e483de7f4cbc92099fe5b8f6a52ae12de0,2023-04-11 07:55:46+00:00,15,70,122,192,0,156
63,f53e68885847287ff2c0f75d8bc1cff3c5d73630,2023-04-11 10:39:37+00:00,12,38,65,103,0,108
64,5aec6ef953465c690268a2ef5f3747f0408e1cd0,2023-04-11 11:16:55+00:00,3,41,40,81,0,53
70,064a33b15f887224dff7fe914f4301098e773f55,2023-04-11 17:48:37+00:00,6,56,30,86,0,26
71,0af95c43afe3ffffb70a84f260cef403091e67dd,2023-04-11 21:36:36+00:00,1,3,3,6,0,8
73,99896445c3e8ac112db0550a7671d0d0884e231e,2023-04-12 01:08:12+00:00,15,30,170,200,0,75
74,86f52eb2698489c34523afae71c52672726713e1,2023-04-12 01:40:35+00:00,1,0,0,0,0,0
75,13df749b5b0b6895609abd531507bf0265c72558,2023-04-12 05:40:09+00:00,3,6,94,100,0,36
77,bae0eb67c5faec1dc13bb57bad0f4f52c2e25ae9,2023-04-12 07:15:32+00:00,11,0,8,8,0,1
78,729a550b5d21b9d5cb85dbe7d05b68482c820330,2023-04-12 09:14:39+00:00,76,4691,206,4897,0,310
80,1bf863fc905aa7e8e04705294d83769d81bfd37f,2023-04-12 09:32:57+00:00,1,9,1,10,0,12
82,412dfd5047be10258379da0b39afee18b9fa8e83,2023-04-12 10:36:30+00:00,10,17,577,594,0,16
83,8b89d43985680fb651d8b0712216fd3d6f10fadd,2023-04-12 12:35:02+00:00,2,1,20,21,0,4
84,f4f016c26a8af134e2d8681440aa0662361b54a1,2023-04-12 15:10:30+00:00,1,12,31,43,0,13
85,c79c32ee7d245242d248d9c2cf4d7e89879945f5,2023-04-12 16:45:20+00:00,1,24,24,48,0,2
87,33bcd0d1c106f6c7ada1feb6ac57c10b173d5a59,2023-04-13 00:44:52+00:00,3,6,6,12,0,0
88,810ac9cfc560046cc314779dd1a74b4062e1175b,2023-04-13 02:05:21+00:00,1,0,12,12,0,2
90,f69a16b404b54a264d7d72b25071466cf2bbeb5f,2023-04-13 05:50:53+00:00,4,2,57,59,0,17
91,41ad39670a241bbcdb9c078a511e28c12e0c50e1,2023-04-13 09:03:43+00:00,2,5,5,10,0,15
92,5bbdc9280d3b7f7155ee008422cf7f8ba722c524,2023-04-14 01:36:25+00:00,17,508,306,814,0,27
93,7cee458706b7b1e58152b268d408c52f9521b9f6,2023-04-14 01:36:45+00:00,2,7,5,12,0,25
95,b7bdb08e7407da775179d0f6cbd488aee0bebdfd,2023-04-14 01:37:54+00:00,3,39,40,79,0,11
96,77e056357bc7a4319df868962ef8df85f994352c,2023-04-14 02:56:25+00:00,9,716,26,742,0,46
97,5a01b5b26b6a9fcf7e9b756c98659d95bbda6f40,2023-04-14 02:58:42+00:00,3,0,16,16,0,1
99,ccebd3ccc53add69c1bb847f69be9d8bf582b701,2023-04-14 04:08:04+00:00,13,99,123,222,0,37
101,4834f55f2347edccb2ef9859ee994f5c9b322a77,2023-04-14 07:28:09+00:00,19,41,72,113,0,15
103,168e983093452b2675557dac2eb6e8e8702a86aa,2023-04-14 09:50:22+00:00,4,5,10,15,0,42
104,2e3d5a6443cc24dbdea10a65fd85007c992438f7,2023-04-14 09:55:46+00:00,2,12,27,39,0,10
105,227dd1752564de2b8f9bfbddede44e83ebed0b38,2023-04-14 10:27:06+00:00,1,9,5,14,0,7
107,65830b4c8fc2216800804a11e0bb9dfac9ecf3fa,2023-04-15 15:16:20+00:00,1,12,12,24,0,2
110,ee3cb84a635ae6747591d0c7a885ec804a234b9d,2023-04-17 03:31:12+00:00,1,7,7,14,0,17
111,b1b91e6719fe2aac368d3a69bae8d7faeef73ec0,2023-04-17 05:48:03+00:00,9,21,38,59,0,34
112,25b3a00213ed0b96df96fd648a9b8c7c9a29ee06,2023-04-17 06:05:20+00:00,1,1,4,5,0,1
114,ebee7b469e01959e7e6d1c7643bc56640597c83c,2023-04-17 06:08:55+00:00,9,19,18,37,0,63
115,b0c123f90b9c1a505a9ceea48cbc86c01263ea54,2023-04-17 06:37:50+00:00,1,2,10,12,0,12
116,e673ed9cd196996db96ce7a97fffed94498499cf,2023-04-17 07:25:06+00:00,1,0,12,12,0,2
117,ef4c0098790aa0b7377a1005c7980dbe63e9c188,2023-04-17 08:08:46+00:00,1,0,8,8,0,1
118,bf163d43b72890d99af4543dfe0ec5f7bfd01665,2023-04-17 08:41:46+00:00,1,1,1,2,0,16
119,1500d81e874b341eb23e2cba460645a7f0d28f9c,2023-04-17 14:35:38+00:00,4,1,11,12,0,15
120,2a9da84cf9fc8bcbcbb3b9a2e09b809696c907d7,2023-04-17 14:36:49+00:00,4,1,4,5,0,35
123,4bba7386720ed08c3f9bf89e66a41a1abf3c4912,2023-04-18 06:11:05+00:00,20,242,155,397,0,134
124,8be6ffd9c7a9c3aff2f41424e60db0ff0379663d,2023-04-18 06:18:32+00:00,3,0,28,28,0,3
126,02010c816e1b630aa338fdfb78a58a7362ea92e0,2023-04-18 06:56:58+00:00,1,1,1,2,0,0
127,ee7d476ad4248beac4b1215036f40735d898cd42,2023-04-18 08:40:14+00:00,2,553,2,555,0,12
128,d6188074fefa150c585182ed17e8ccf553055f46,2023-04-18 09:52:30+00:00,5,55,121,176,0,14
129,395346156c455a9dcc6bd966454853d031a3070c,2023-04-18 13:25:18+00:00,2,20,20,40,0,60
130,6cc4b677130efbcc9b13a01af07278953f5df85f,2023-04-19 02:38:48+00:00,1,1,1,2,0,32
131,f041fea490f050444de4a465103788a9f9bd2ca8,2023-04-19 02:45:10+00:00,3,4,35,39,0,0
135,91af69fa241a074d92e2930d0148056540ea4d9d,2023-04-19 06:30:37+00:00,3,4,13,17,0,5
138,f580d58fa947d09d3084765c25b21a2c7c31ce25,2023-04-19 07:50:02+00:00,24,159,151,310,0,309
139,f526b3c94307f4641c24e02537194f6de677df08,2023-04-19 13:59:55+00:00,1,2,2,4,0,17
141,ec43cca92d52f53e1e5514f1b685a09740e19614,2023-04-20 03:17:35+00:00,1,1,2,3,0,1
143,144a2e6f103359b6d70bb5f481c605cbbb00c3fd,2023-04-20 04:51:02+00:00,2,6,9,15,0,17
144,b939ca743bb9386432907d2403dbd7c0771a66a6,2023-04-20 07:45:10+00:00,2,113,113,226,0,0
145,813163ecf70ad953a251bb990b176a1068bbf27c,2023-04-20 07:56:16+00:00,1,4,10,14,0,7
146,027577a2d4c7a6c57432118673359d259e05d923,2023-04-20 08:58:02+00:00,2,0,16,16,0,1
193,64cc41d14b56b910696e6d08ccfe61db9749b02b,2023-04-20 09:27:47+00:00,1,0,8,8,0,1
194,7e6c1f033f7de83498851dcc67f1c6b470c440f2,2023-04-20 10:55:09+00:00,2,6,5,11,0,9
195,cce41fa570a7b05653f989463c9f8625b6639151,2023-04-20 11:16:26+00:00,4,6,11,17,0,70
198,1dd538bcdd46ddf2c758f1c5c520a6dc6d656806,2023-04-21 04:01:27+00:00,2,2,6,8,0,21
199,cefadcaef2267e777ce686e6d2ebe570fb025cb4,2023-04-21 04:05:44+00:00,1,1,1,2,0,13
201,56dfe8661886afdcf98e0cee176cc00560e2bbf0,2023-04-21 04:14:00+00:00,1,53,53,106,0,2
204,addc30ed545f62d469ba5778e676662cdff60700,2023-04-21 08:29:57+00:00,1,18,14,32,0,5
205,3483fe63a3873c8ed3aab832239a86067fb0daf6,2023-04-21 08:35:19+00:00,10,23,62,85,0,57
213,bf993381103fd07a868ed2bdd7235fcdc92e7a93,2023-04-24 03:05:59+00:00,1,1,1,2,0,2
214,9691c56ac0a288fac7cd2847bca44e9858cec823,2023-04-24 03:14:59+00:00,8,827,285,1112,0,14
215,239d1bd3ca2ac1c2b5027ec256589b9d167449f1,2023-04-24 04:32:20+00:00,1,1,0,1,0,8
216,1945fda433990bab848283c9f18804498b3ec176,2023-04-24 04:33:00+00:00,1,1,1,2,0,17
217,c72f24cbade233587fa3b9266654a0b3f9dfd73a,2023-04-24 04:33:24+00:00,1,2,7,9,0,0
220,cffeec784b5a7bca01c5c87f74457fcabcc4692a,2023-04-24 04:41:38+00:00,5,10,52,62,0,62
221,7992744141967212e4c82e38534f809bd3ec9a18,2023-04-24 04:48:39+00:00,10,390,454,844,0,86
223,41ae326d68f63bd3b34cbbd475e8cad84b481b24,2023-04-24 06:54:51+00:00,1,0,16,16,0,1
224,a7998e24168b066256b74d408eeb3f42c4e93103,2023-04-24 07:50:41+00:00,1,1,21,22,0,8
225,238f873dc8ceb1aeff3da55d98118ef566bca261,2023-04-24 07:51:00+00:00,1,1,1,2,0,0
226,078ee23fb101deb30c53460f8308b631ba92a501,2023-04-24 09:27:19+00:00,8,10,27,37,0,48
227,04e7a2a264cec9d6f6e5a60d8bce0b171593a26b,2023-04-24 13:54:57+00:00,9,3,259,262,0,8
230,79019aece234fece8b6b713c107fadc25a525ad7,2023-04-25 04:18:19+00:00,6,55,35,90,0,73
235,aec463284e144a3f07bd21087e7899ddd6861b48,2023-04-25 06:58:09+00:00,1,2,8,10,0,19
236,0eb14fd0ad61c0c70aafd8ab70094b3fd18b3a39,2023-04-25 08:03:27+00:00,1,1,40,41,0,20
237,711e076fcd7d01ec5c5c061dc321a3bae5a0066f,2023-04-25 09:14:03+00:00,2,47,46,93,0,20
238,a613d8fe8396eed60132553fd2ca8677b8d3c9bf,2023-04-25 10:57:39+00:00,2,0,24,24,0,1
239,68bec4a755cb926d4e39f8dd58290768b4e37500,2023-04-25 10:58:37+00:00,3,1,33,34,0,1
240,27147189c8457b5570dfbe6958764e53a56facc0,2023-04-25 11:10:22+00:00,1,0,16,16,0,1
245,b757d5efeeecd98f1f231676aabd389d399f692f,2023-04-26 06:37:43+00:00,1,1,1,2,0,0
247,26dcd4a7e3529018fc74c385dfd312ba4ac4018c,2023-04-26 07:24:46+00:00,2,4,12,16,0,17
248,286a6f90b0b3c0aa76ca42c28cb57e8de5ab6870,2023-04-26 08:28:12+00:00,1,0,8,8,0,1
250,64fed15aa010bc02fc6f6ad5eb4ec67b7bd6d768,2023-04-26 10:50:25+00:00,3,5,0,5,0,2
253,763c58c9283078ac12f81271b9a76c4081898861,2023-04-27 04:53:53+00:00,1,0,8,8,0,1
255,a44cd52c5523b730609a4249119b4815d11320d9,2023-04-27 12:38:10+00:00,7,43,137,180,0,117
259,8cda255a6ffb3bd26b95c270b52fdf822807a31d,2023-04-28 03:43:21+00:00,3,6,39,45,0,0
261,4c06584bf5fb2fe2d69c1ad86790ac1bb9e9cff6,2023-04-28 04:03:47+00:00,1,5,0,5,0,0
262,09413fdd4162a1341eda6094172f05d4bd03e3b6,2023-04-28 04:53:47+00:00,2,24,25,49,0,9
263,5a56ed57cdaba16f357ba2c8d67735ad84822480,2023-04-28 05:10:23+00:00,1,2,5,7,0,13
264,34d22832143b06e36286ab637942eb983dbfb75c,2023-04-28 05:13:24+00:00,4,0,32,32,0,2
265,3e5007057527783d47ede5c0102ea61da702323d,2023-04-28 05:33:23+00:00,1,7,7,14,0,4
266,3d39a50170ce0ee989f7ba08afc58abf0184cc26,2023-04-28 06:52:14+00:00,1,0,8,8,0,1
267,c87f14ca8119d6ad14d0abc2be64fa89a58d561e,2023-04-28 08:44:10+00:00,1,4,5,9,0,2
268,8b37e477c33e18b11480b69cc277a6ebd0c8a187,2023-04-28 11:18:19+00:00,13,1,302,303,0,5
270,c17e941ac4dd3277ef5bab0f3924b7d4d358d279,2023-04-28 14:17:36+00:00,1,1,5,6,0,9
272,c8281cdad0f8721a21db975bfbccb4ff4bdd31ae,2023-04-29 02:02:40+00:00,5,45,25,70,0,110
274,f496d39514256c3ddcf2fe711c2a31b53549f94a,2023-04-29 13:58:38+00:00,2,2,2,4,0,18
275,f1f02fd0cfedb82cfe92b9e0ae68d990c5cef034,2023-04-29 15:41:51+00:00,2,3,10,13,0,24
276,1ebbb2e5eddfcbc397429e7db75b0caec1a61244,2023-04-30 03:42:33+00:00,3,0,41,41,0,3
278,39fcf6b10839b05aa0be3ab7ee8f7015173b5113,2023-04-30 09:07:49+00:00,3,4,12,16,0,43
280,9bee15cad7b57997c75b5236c6a0c6f6a612fa67,2023-05-02 01:50:42+00:00,2,0,6,6,0,0
281,9d639e6e5d664970c8c960711ee950ad046c9d82,2023-05-02 01:51:04+00:00,4,16,26,42,0,49
284,8660607be857b461bd0d251d21ccd5a080a62405,2023-05-02 03:14:23+00:00,1,0,8,8,0,11
285,5778cb7a18f8c913f06553a42da325a0108d54a4,2023-05-02 03:15:45+00:00,1,11,13,24,0,5
286,9b3c829e2c429b87e119d139b3494eb3318f4c3a,2023-05-02 03:16:48+00:00,3,2,102,104,0,44
287,45caa97e92882d0bba05b03f80b311f83b4b1a6f,2023-05-02 03:18:33+00:00,1,1,1,2,0,0
289,57f93ae114c845fe11cd46681ca57b2bf56cf549,2023-05-02 03:27:20+00:00,1,2,11,13,0,3
290,05c93da9f6f3aeb099fc72d9a69c32ea5ccd5351,2023-05-02 04:10:40+00:00,7,21,21,42,0,30
291,b56c6a31fb7d0c045ac583a8abbfa96b851578ac,2023-05-02 04:12:22+00:00,25,301,1005,1306,0,79
292,b5dbd2921402a7efcab5cd5867b933db5500d995,2023-05-02 05:40:42+00:00,180,1877,1306,3183,0,1528
293,8ca3e1b3fa6a4da14dfbc54fec4d8b1cff607914,2023-05-02 05:42:08+00:00,3,16,3,19,0,2
295,4dd7eb54820f79c73d9dee8a4d61dc14a6ee9db2,2023-05-02 06:27:45+00:00,1,0,9,9,0,2
296,798d9f891ec11067a17a5fdbaf5f7e926a7bf5f0,2023-05-02 09:50:42+00:00,2,8,8,16,0,4
297,e0d323db2b7400747cde64441fa1378f12abddc8,2023-05-03 01:54:22+00:00,254,23018,25285,48303,0,1666
298,7975d3ee1096450cd968787c202289c5802c44d2,2023-05-03 02:27:15+00:00,5,12,18,30,0,3
299,c58a1103a4991b1608e9bf21edb45281be3547cf,2023-05-03 04:12:57+00:00,13,80,49,129,0,136
302,1ca9376d14512ed4d0659de3103641e091b6dc72,2023-05-03 06:04:22+00:00,5,9,23,32,0,8
303,90e5bcf8686b2b1a038d0c2d3ce7e768a60bd686,2023-05-03 06:36:12+00:00,21,64,1574,1638,0,219
305,ad097847bb45efe83ea36a3ce4edd8ed25b9ca10,2023-05-04 03:30:40+00:00,6,60,84,144,0,14
307,c8bc8b3efccc56e789a8aebfcda7fd0e9c7985fc,2023-05-04 05:19:52+00:00,2,4,20,24,0,3
314,5414d71980025d13d228a32d8d55df10849ac1b0,2023-05-04 15:48:21+00:00,1,2,2,4,0,8
315,e816be84f67264b801aacc34ebb4ee955fbe28d6,2023-05-05 02:35:35+00:00,5,4,51,55,0,16
317,e367ce8204f29e30981430c14038724fdf3213e2,2023-05-05 02:49:51+00:00,1,1,1,2,0,1
320,ba82c8098540e22e6632db51ae22af6c0352a341,2023-05-05 04:26:47+00:00,64,4059,14,4073,0,66
321,98ad23f4652ae29e256d0b0f9c7c511657fa0c60,2023-05-05 07:27:48+00:00,1,0,8,8,0,1
322,d679febae3d08494a8dd420933f163856e75df10,2023-05-05 07:58:32+00:00,1,0,1,1,0,1
324,e154d314b7385b197c8dbcfddb6d0678442dac00,2023-05-05 09:52:09+00:00,1,11,27,38,0,0
326,5cd1fb4555f74fa1442131cc29619c61deb02385,2023-05-05 14:25:26+00:00,1,1,1,2,0,4
332,365fad5bec888b3be9301276f2d8132b5aab7cc2,2023-05-07 14:24:47+00:00,1,1,5,6,0,7
333,82fd915ac250a87d3b3f666c9adf77538aa8f1b3,2023-05-08 02:09:19+00:00,29,113,65,178,0,139
335,49689c5c14c4694412d06afebfc5e5dcdb4fc857,2023-05-08 04:51:29+00:00,14,32,92,124,0,81
336,468d5f1ebcb6c4d2cf822b5eee0a9c04e07cda13,2023-05-08 04:54:18+00:00,3,6,9,15,0,8
341,0903c56350319d11472b4340b676d82a3ce0cc15,2023-05-08 06:45:46+00:00,5,5,4,9,0,33
347,d0c44bd629d30f09381eac34143ebbb9f251b4a2,2023-05-08 12:29:18+00:00,1,11,11,22,0,2
348,b8cd9a95da5740bf1cb51030f7475f25c274dde7,2023-05-08 13:40:37+00:00,37,1608,173,1781,0,226
354,4c3be071c12f0465a0bf07648179cddc142d836e,2023-05-09 07:13:53+00:00,3,8,29,37,0,21
356,155a670ffdb6048fb2d4cd468e9fd1e8df5f42e1,2023-05-09 08:21:11+00:00,15,257,253,510,0,57
358,dddbdffe46d089c91665ee9b58b1fb83204037eb,2023-05-09 14:59:06+00:00,2,5,8,13,0,43
361,822f01c46300dab24c4c622c3a8191d4681438b6,2023-05-10 02:00:32+00:00,4,43,1,44,0,2
362,f326dbab6b9429bf29f13146158418d7994c0f89,2023-05-10 02:08:51+00:00,3,5,8,13,0,49
363,3e42160ba50dee513e7c78b03181633a50e71ccf,2023-05-10 03:08:07+00:00,19,3411,2,3413,0,184
365,051e8e10621c7b37696dc44d53c5c6a4967eeadd,2023-05-10 04:24:02+00:00,2,0,2,2,0,4
381,a94fba95c6a10e9b338a53edc6b68e1861788533,2023-05-12 02:58:17+00:00,1,9,45,54,0,2
382,79e7033141f566ab683f53b60c6c6d31959c054c,2023-05-12 03:06:34+00:00,4,7,14,21,0,5
383,e18d6039aa8c735e04996ff40ec0c259e3cd5025,2023-05-12 04:06:46+00:00,1,2,2,4,0,13
384,6eb9be3def221b8a178764b1f02c31786fdccc8d,2023-05-12 07:34:38+00:00,1,0,7,7,0,1
386,c866c0ba126f34ab7bb0a13ce0dec87bb05fd2d5,2023-05-14 00:23:44+00:00,2,2,2,4,0,1
389,8f34efdb3a295215fccb240d446ca280b8633528,2023-05-15 01:55:55+00:00,11,70,275,345,0,19
394,ce1c600a9ce326548698e5672c9d94f92849606a,2023-05-15 05:37:18+00:00,5,34,24,58,0,53
395,e3d4a1b530948559eb1c533f19c12465c197d445,2023-05-15 05:37:41+00:00,4,31,41,72,0,23
398,0f7f304ff17b5de94b890136de2930f7bf459be7,2023-05-16 02:04:43+00:00,7,276,2691,2967,0,30
402,1a2b98aea81fd0365d106dfaf58b1e2a3886a871,2023-05-16 06:41:28+00:00,88,267,293,560,0,916
413,7633b34ae88efd71e1bb1132d1b6f355919c2bfb,2023-05-16 08:45:44+00:00,1,0,7,7,0,1
420,38170b41f01a0158345e1522df005cfe50a95b6b,2023-05-17 08:22:10+00:00,1,0,7,7,0,1
421,1cda00fbc6389444cb5d4e02c6ee599c8b9472dd,2023-05-17 12:32:40+00:00,1,11,11,22,0,2
423,a0e76efb97f708afdd0cf8b947eb57d1e26eaa79,2023-05-18 00:55:27+00:00,1,17,17,34,0,2
425,a8aba93c84c7cd6c915ce87914badc1c923206c9,2023-05-18 04:28:58+00:00,1,2,0,2,0,1
426,349274569893549bdc6b18db3b55bb20d017f5f2,2023-05-18 07:28:33+00:00,1,0,7,7,0,1
427,1584e1e0eccbaf759293bf5b36fe92f9030f71dd,2023-05-18 07:46:10+00:00,1,1,1,2,0,50
428,d98e7692abb14ce0d349d154c235082c2fb257b6,2023-05-18 09:30:15+00:00,75,650,3134,3784,0,398
429,9e8a6f8ddffd2a2eb54c37cb6d86730029b372c8,2023-05-18 09:47:34+00:00,2,8,16,24,0,0
431,fc0dc8f82f355449bd2f5633d7de184b72f06c85,2023-05-19 07:09:09+00:00,12,177,268,445,0,78
433,914e334c0392a3dab81d3f95ee63e9aa2a6798ee,2023-05-19 08:18:12+00:00,5,4,52,56,0,9
434,4d52affbb227e8aa5607990d0da38f43a96157f1,2023-05-19 08:40:20+00:00,1,5,2,7,0,5
435,5a3e410eb8f89819c9a391aa289533110616c612,2023-05-19 10:11:29+00:00,2,1,28,29,0,4
437,fb72a46598b775ac2ed6f3f9eef247ccc563166c,2023-05-19 10:47:12+00:00,1,1,1,2,0,1
438,77ba22193f75a838fde3196f6e37ba1b029c5505,2023-05-19 10:49:45+00:00,4,15,8,23,0,31
441,cd26f37871470010066a86b424b40fb63d6aeb3f,2023-05-22 02:54:49+00:00,5,56,19,75,0,3
444,e9347e99240ef5e4d5f5df4e0bf4ca92507fa500,2023-05-22 07:17:07+00:00,33,119,406,525,0,264
445,c14fad420bcdac8038970e7130ec8d5571a1db5f,2023-05-22 08:08:09+00:00,1,1,2,3,0,42
446,bff38ef5ed75ccb23ae0c1c7c3d4f2a370fb2d08,2023-05-22 08:38:38+00:00,2,0,15,15,0,1
449,abc8b16073245a61a3179ae1707f28a95c99713c,2023-05-23 01:37:00+00:00,144,5600,5988,11588,0,724
452,eaf9a97a33a4ad0e83d9015fab7b35e4b8bf9b18,2023-05-23 04:34:38+00:00,1,1,2,3,0,0
453,de16090a2040f49dbec13a7204e41655c96a8e95,2023-05-23 04:36:24+00:00,3,7,11,18,0,10
454,390db9c9f89da6c09d2b784ff342d602b18679f0,2023-05-23 04:42:53+00:00,2,6,6,12,0,16
455,6bed31bab22f0289b4d7f3ae4789d9e2ca8479c1,2023-05-23 06:13:12+00:00,2,0,10,10,0,4
456,84e5baef67169cef5b4754d87618060ecb54f42e,2023-05-23 09:47:45+00:00,2,4,8,12,0,10
457,ad62dd88622698fe622d0dd7e0e05d73345c92db,2023-05-23 10:53:13+00:00,10,54,352,406,0,93
458,8bd6797543eb499c58a13d9b786e7de4fb7e0e0f,2023-05-24 01:44:36+00:00,4,19,8,27,0,16
461,7e904fc6e8e502e772e5b92272be699c6033b755,2023-05-24 03:30:41+00:00,1,0,1,1,0,2
462,5baa33fb5e96f2ab3db925dbaec6cff9591ef80f,2023-05-24 03:33:09+00:00,2,15,0,15,0,0
463,98cc45a29f546bcd9a3ad766b217009cb3666b42,2023-05-24 03:34:41+00:00,7,31,27,58,0,123
464,230bcd982f67dc45bb0038fa41d64153dabb2513,2023-05-24 05:43:18+00:00,1,1,2,3,0,17
465,66cf5a328acd54502676da483eb82c5ca581ea00,2023-05-25 01:37:35+00:00,8,12,41,53,0,58
468,b44641250515ac0651085f8aa80891a6a21a1f3e,2023-05-25 01:54:20+00:00,1,1,1,2,0,23
470,78276f64566e11a55d7ca879a153dae09f4022ba,2023-05-25 06:54:17+00:00,1,2,6,8,0,4
471,b86c4aaa5be2c0e9ec07524740a28fa433723fc1,2023-05-25 07:17:44+00:00,1,6,8,14,0,6
472,f0a025a781e0e02b552390bc9713abe3297be39b,2023-05-25 08:20:32+00:00,2,17,16,33,0,3
473,bfece057ce7b94abd76fd95461a3f1ced5cf16a1,2023-05-25 09:50:33+00:00,1,3,3,6,0,3
476,20418aee8fb5f9b4053f732b6bce5b00229d8295,2023-05-26 04:04:57+00:00,1,10,47,57,0,19
477,f9b250ecbb4a771dc39ea56270e40bba89697613,2023-05-26 07:18:18+00:00,1,0,15,15,0,1
478,fdc7634052411c7400e2fe56b0affa0c1da92fa7,2023-05-26 07:38:03+00:00,1,1,2,3,0,25
479,e015cc52c4991ac797c62f67c0a08bcb58752d1b,2023-05-29 01:15:55+00:00,613,49707,37637,87344,0,3171
483,bad7641299576372d31055d0fc6c82ff6cd5a1ed,2023-05-29 02:53:38+00:00,3,6,5,11,0,80
484,ae0281be7aaa36430d24491bbc5ab6ee65fec881,2023-05-29 03:16:19+00:00,1,28,35,63,0,17
485,9b97c5110dfa62d586eb36db342651d3afebffa9,2023-05-29 09:23:07+00:00,17,718,612,1330,0,91
486,a6de24d80110c445a6d66e26cfa6e1df78a7a465,2023-05-29 11:09:58+00:00,1,1,1,2,0,13
487,f3951cc29ebd6761f7f613cc3a6a9c53d89c113a,2023-05-29 11:18:25+00:00,6,4,8,12,0,31
488,dbbe9ff6deea62f95c145bfb92957348e12eea5a,2023-05-29 12:04:54+00:00,1,1,1,2,0,2
489,872b38f6565a4a642210e296fd1059ce0fda19bd,2023-05-29 12:40:59+00:00,1,1,8,9,0,2
493,26b9367f4f72cd9fa4fba68d29d7f9c0f4b73930,2023-05-29 17:54:19+00:00,3,13,9,22,0,5
494,1407688f836d5a00f3083725f8ed4df3b0ecbec7,2023-05-30 02:11:13+00:00,2,4,3,7,0,5
498,e8aa41a627971cddecefb6a901b784000bb71500,2023-05-30 02:23:41+00:00,3,29,57,86,0,14
499,73dead0c49e9eee1d9bba19139b108406b305b5a,2023-05-30 02:32:40+00:00,2,24,24,48,0,0
501,cabdb50933cccffebda2aac85ef7cfbc68657097,2023-05-30 10:39:53+00:00,1,0,7,7,0,1
503,1dd015acac82db62427f4b9ca38c3d072e89ace0,2023-05-30 15:22:44+00:00,1,3,3,6,0,1
505,96b6ad0eabc5bc9ddb84b7dd3ee4e080c103f4f4,2023-05-31 02:41:44+00:00,1,7,7,14,0,1
506,ddecbfd5ff15806a84aa0cfd130c0046613148be,2023-05-31 02:41:56+00:00,2,16,163,179,0,0
507,1411fd501aea87392c98b7dd364c1f1b0cdc7a07,2023-05-31 03:54:54+00:00,2,7,8,15,0,33
508,a2e7bf5f8a7eaa8f4099541f0a01680ee6357b11,2023-05-31 05:03:27+00:00,3,1,3,4,0,1
509,678008bb8d9cf460172f36da1155295b45434856,2023-05-31 06:50:45+00:00,22,380,563,943,0,162
511,abcc295ba7b24cd53494ec6cd4a22f17aaa9a563,2023-05-31 10:31:51+00:00,3,5,6,11,0,2
512,b17c14d932f8e16880dab726e93717d6c180db27,2023-05-31 17:44:18+00:00,1,1,1,2,0,4
514,fc6fd2086c82394d254667e6605e9c74f5b5a448,2023-06-01 02:51:49+00:00,1,0,3,3,0,0
516,8225cf7db0aa93e0e6c94e4c4af36fb6ea63219f,2023-06-01 03:34:03+00:00,1,9,9,18,0,2
517,9d53dae2e3186f5174d821e2fb8c71f233202540,2023-06-01 05:27:46+00:00,23,117,155,272,0,87
519,0bb8654d34c51c330a42957d32cfbfe6a12e0120,2023-06-01 05:43:19+00:00,4,595,0,595,0,156
520,913569914ef0ece51cc0e07fe0ec8ab7afaf734e,2023-06-01 08:12:40+00:00,1,5,16,21,0,12
521,7de5020f8d60ff542ea6ff095c5a88b15ef07e1c,2023-06-01 08:13:31+00:00,4,328,13,341,0,9
522,ca8118ca09d6cbdcbc69d04546af796eb7ec532e,2023-06-01 12:47:29+00:00,10,11,120,131,0,43
523,6c4551c638936b158fa1f3419c75b66709462b74,2023-06-01 13:56:14+00:00,2,2,111,113,0,25
524,52a0d751ec8028c8c43861497054dc78fb8ece92,2023-06-01 14:08:40+00:00,3,1,227,228,0,5
526,1ec75efe1662128211b34242a3e9c0cb6f9eb925,2023-06-02 04:42:44+00:00,13,56,450,506,0,66
529,098ff1920280c2f67792ae9538674ac123205cf1,2023-06-02 07:54:28+00:00,8,87,161,248,0,40
530,e62ac8796a3f08db7132e32c76413c26ac3171a0,2023-06-02 08:14:08+00:00,14,70,92,162,0,0
531,f05f46451ff453e5022b2e75f36d77ca68d70b70,2023-06-03 19:23:04+00:00,4,20,12,32,0,0
532,0a5db017c2ad009e95e6e03d68aa82457b188a56,2023-06-03 20:20:39+00:00,1,3,10,13,0,22
533,c7f39d739dd919d8b124f6ade21e8f4388ad7ec8,2023-06-03 20:54:46+00:00,2,4,4,8,0,1
538,a80adeabe9e1e43c7c61bf2a8ac0fd56d2499493,2023-06-05 02:34:03+00:00,2,4,12,16,0,21
539,fe29e9588e5d3012882db4ace6c7017646a856b4,2023-06-05 02:34:47+00:00,2,8,2,10,0,14
540,e0f8bc9dbd3c01a30e195a7f772ee22436f9ee42,2023-06-05 06:43:18+00:00,3,1,16,17,0,4
541,6cb12dd7ce80ccc05bdca671451f3cafad07717f,2023-06-05 07:18:41+00:00,3,158,49,207,0,26
542,0529124e9d31fbee55f8bf18b08bc7b8fa3ddf14,2023-06-06 03:12:52+00:00,19,274,268,542,0,61
543,7a32057913e165792580464ccdcb0559acfacb9f,2023-06-06 03:15:31+00:00,1,1,1,2,0,11
546,ce30e38988bd3b582ec046eb384acc940a1ff4b3,2023-06-06 03:42:55+00:00,2,52,4,56,0,20
547,ee8d833c65fe4b2e67d008d95e6cb10ac3cb20ea,2023-06-06 04:37:47+00:00,4,14,3,17,0,17
548,17aef525a2ffedf4d9ed96432d46064c6959fbb7,2023-06-06 06:39:46+00:00,6,11,64,75,0,23
549,680ceacd2595e0a68823e3b731f54ed48c8ad8e9,2023-06-06 15:31:56+00:00,2,0,5,5,0,1
552,564e386d01ba77ed2c2c4329a796ab34eaf6a1b8,2023-06-07 01:38:06+00:00,7,8,8,16,0,58
553,07523ae5d3cccd4e2af76efbbff693850dcc30f9,2023-06-07 03:08:05+00:00,3,38,106,144,0,31
554,c80c92e44ee1b1eb8794d9121b81f569e0294f4c,2023-06-07 05:21:51+00:00,2,23,23,46,0,0
555,2c8bea3908362b26d23400471c0e8e6c23013901,2023-06-07 07:40:09+00:00,1,1,1,2,0,4
556,6a9a7f4fa103324793bf7be48d897bb50dbc4e89,2023-06-07 12:30:38+00:00,1,0,24,24,0,3
557,f60f265e0179c1c604090d6381e13680b21d1174,2023-06-07 14:43:11+00:00,1,1,1,2,0,3
558,66298e82d970f480695905101ba75289402511df,2023-06-08 01:27:22+00:00,3,49,68,117,0,18
559,760b75900f80099a96e0af6198248e4f4756fcbd,2023-06-08 01:27:53+00:00,18,197,328,525,0,180
562,e6a741dc508774f52418694346fb941881f2aa7d,2023-06-08 02:30:50+00:00,1,6,4,10,0,2
563,9f0a9a4690edc665bd73e1e4fb91b41c4abff64a,2023-06-08 02:39:10+00:00,2,2,2,4,0,1
564,b3315de9684ceef6b0196aea41432c371f8d5b5e,2023-06-08 03:35:05+00:00,3,4,4,8,0,37
565,5bdf4cf389c86a202de7c8812ffb74e1701ea6ba,2023-06-08 04:07:47+00:00,5,28,60,88,0,40
566,0d1d21ee6757904d63b0a2cb23bbb777c1a4fe56,2023-06-08 04:18:27+00:00,2,11,28,39,0,6
567,197e8cee3e13625d6b345e3cc3c9d492aa293fd4,2023-06-08 04:34:39+00:00,7,13,51,64,0,29
568,8c68314770307a7d1a9c657716f02bd7a2985738,2023-06-08 07:51:35+00:00,3,0,42,42,0,2
569,914c5c2f71a924748ac59bcc9698acafb9cfca23,2023-06-08 08:20:41+00:00,8,27,55,82,0,39
570,3cdcf219d5958cc0444b4e7188b742cbb68c0df6,2023-06-08 08:34:40+00:00,5,6,13,19,0,28
571,6a59501b1a1ff022cbe631b42030ee65ad44d416,2023-06-08 14:56:24+00:00,2,2,2,4,0,1
572,abba1e87f3d8a0c9c8ca296d5212cfbc8147a6f7,2023-06-09 02:10:35+00:00,2,2,6,8,0,0
573,de3e79a92693942353dfc67a610e445fddfa883c,2023-06-09 02:11:01+00:00,17,1038,1705,2743,0,9
576,3c4d19e7574c403fb59da0d916d34a997e7d0587,2023-06-09 02:42:50+00:00,3,96,86,182,0,27
577,bbe2a44eb2b9f8a6256d3494edcf4400976484d8,2023-06-09 02:44:02+00:00,1,1,1,2,0,25
578,893eee10c5cdce14ee0b3d94be963f70ced34892,2023-06-09 02:55:03+00:00,1,9,9,18,0,2
579,31e276842ebc315a15ecbc5d2df3e73a6220a53f,2023-06-09 02:59:01+00:00,2,24,24,48,0,31
581,c61cad8f0274a20c2a6f4141bb8761da586a0f2f,2023-06-09 04:02:01+00:00,6,13,5,18,0,11
582,1a62d5674e50d85a61c00c8554953dac20378db5,2023-06-09 05:29:15+00:00,1,1,1,2,0,0
583,35b88defa2869315245ad62499163d29e8a576b3,2023-06-09 07:06:42+00:00,2,120,256,376,0,16
584,21d71afe26de9230ea5a383ef8739e25a4757f65,2023-06-09 07:07:37+00:00,1,2,0,2,0,4
591,29fa81478bba6076c3cfa262b33c395369da8289,2023-06-12 07:20:23+00:00,32,204,1763,1967,0,256
592,77acda6cee9266a71dbdb1fc992f86ca5e767c10,2023-06-12 08:37:13+00:00,1,1,1,2,0,9
593,2fe09cfbaee41e4f57a6a74cb514488746b88314,2023-06-12 09:24:50+00:00,3,25,34,59,0,4
594,23f11a1376e16576ca7617645de6ee5dcc901b48,2023-06-12 09:39:50+00:00,1,1,1,2,0,0
597,5a2120bd38e07358b9114302e0f5f4bad773de4e,2023-06-13 00:37:37+00:00,1,7,7,14,0,21
598,9e31d6813cc6607a25404316e73c3cb8564c830c,2023-06-13 01:50:42+00:00,1,5,5,10,0,9
599,2083a8d0d4db60ad4f5ed7bcb1ec47a5340e0969,2023-06-13 03:27:18+00:00,3,6,16,22,0,34
600,79d098be73ea91ef4d548bc44a92ae49d3acdf92,2023-06-13 03:30:05+00:00,2,2,2,4,0,25
601,e2cdb60085211928fa2fb20298fc88b2be5db0fa,2023-06-13 23:50:36+00:00,1,106,143,249,0,22
604,4510286c8dbcf0d22ad5a6a28ec8bc01b8da1a47,2023-06-14 02:06:57+00:00,3,1,836,837,0,3
605,938aa75f5070b7b22cec84686a60ddbea5642a37,2023-06-14 02:30:43+00:00,17,190,340,530,0,15
608,01120823876d939957c40f73f229fe90dde3ca84,2023-06-15 03:25:37+00:00,2,4,9,13,0,32
609,b50179ceea4243b20a18f4f757585429b4f9a27d,2023-06-15 03:36:50+00:00,1,0,6,6,0,10
610,0ae20f8bcbb84c1338cd9037db2d41373d0364e1,2023-06-15 04:53:31+00:00,2,5,7,12,0,25
611,2f33779c7aef3a2fd40b4f22bdc401cd3118438e,2023-06-15 06:14:05+00:00,2,2,2,4,0,3
612,7337260c913ada43afde29426ed39a2f7854ed23,2023-06-15 08:03:15+00:00,1,35,1,36,0,0
613,792f9f5cecf8a02a2eec7d1abce81dd77e0ecade,2023-06-15 09:42:15+00:00,2,2,11,13,0,32
614,a7e5c2b348f1e2145cbb57b40467c11c1ee19f9f,2023-06-15 23:01:24+00:00,2,4,16,20,0,35
616,2f79d8b576763152ed35121feaeb680ed9dc62fd,2023-06-16 02:16:44+00:00,1,9,2,11,0,21
617,2a88e053ff1402de8e10420b31c3625e85478287,2023-06-16 02:18:09+00:00,2,22,22,44,0,1
618,d0b8b1374a4548e6091475863338470782ec7461,2023-06-16 02:46:07+00:00,2,16,8,24,0,17
620,03755b2c43fa1cf31dd448c78151ec958941394a,2023-06-16 08:48:19+00:00,2,54,7,61,0,39
627,86474b59e980d52e75fc921c0cc47aac19878b5f,2023-06-19 04:39:41+00:00,8,18,44,62,0,89
628,6a5b6f3f50606651b39bce111f80d264f69050ff,2023-06-19 07:58:03+00:00,1,0,9,9,0,2
629,d317af5cd0055dae3139902426f62c064fc2fb5e,2023-06-19 08:29:14+00:00,5,1,39,40,0,4
630,d2f23c9b333cd3c6792ef2d2640a6dab49ff2fcc,2023-06-19 09:16:19+00:00,4,10,12,22,0,7
631,438f7820ebdde4381cbc0a9c0b0eac73e500f19d,2023-06-19 11:30:21+00:00,1,8,7,15,0,1
632,b11e9d1268e3c3b4c36096b4fea10fc182497314,2023-06-19 12:31:02+00:00,1,1,5,6,0,24
634,791b5e933b5f7c17e4e2a044d36dacc2ae2a2806,2023-06-19 21:40:09+00:00,25,47,42,89,0,84
635,0097badb523070fd4c9a04c2c038eef5f0dea7d4,2023-06-19 21:40:39+00:00,1,4,4,8,0,30
636,7c19bd9e8bf34bea9457fa97583b4e5854246419,2023-06-19 21:40:56+00:00,3,16,24,40,0,166
637,c5be6d6f3bc6234642dd38636cb18c7636ea23a5,2023-06-19 21:54:08+00:00,1,4,8,12,0,1
640,d296e98dd2f4bdadb2bb96f8c9ef4c7e4f63589d,2023-06-19 23:36:27+00:00,1,1,1,2,0,0
641,49779797eabfe0e3097ce9039782771d7f6d3580,2023-06-20 08:16:17+00:00,1,1,1,2,0,10
644,47f659c8608623383add3308154c18d96152a962,2023-06-21 05:01:59+00:00,1,1,1,2,0,1
645,94e52f6499b9c6a2d12a548b1b948cd83f882ecc,2023-06-21 10:39:35+00:00,40,272,1277,1549,0,467
648,8461173641b8deaf6765ee35069e9533031aeaef,2023-06-22 04:37:47+00:00,1,23,23,46,0,2
649,503785ef1d0d41a508f853faa37971c3a98ee9b8,2023-06-22 07:23:29+00:00,2,20,21,41,0,11
650,cbe65530b6b606100c047d10767f564635c8ef70,2023-06-22 07:24:19+00:00,3,11,2,13,0,1
651,b8aefffc31ed3e168d0572c935d6cea14460af01,2023-06-22 11:25:51+00:00,10,37,61,98,0,105
652,df6f0cb6bda8e28bd5418051f2042638bfbf6c0a,2023-06-22 14:43:39+00:00,89,539,4849,5388,0,290
656,702924a06ceb941e0b35e38c086f96c3ca8adb31,2023-06-23 07:54:01+00:00,7,64,35,99,0,20
659,bdcc1a97c9a60c2d97591be6244b3662ea15d52f,2023-06-25 15:17:20+00:00,1,37,0,37,0,0
660,f1ec1b373b5fe6fa98aa490fe8fb930b3d55f2ec,2023-06-25 15:17:44+00:00,1,18,18,36,0,2
661,41a58ca8b59d7152c817590ce55215660c0e1333,2023-06-26 03:39:08+00:00,103,469,1277,1746,0,753
665,febb23d8c01efd5cacaa5cccc31606c55d4b78e2,2023-06-26 09:58:09+00:00,4,7,17,24,0,38
667,9b0289f51e0ec67146de066f0bc00bd446651498,2023-06-26 14:25:20+00:00,64,345,2167,2512,1,363
670,f459244f853b378fd8a7243c8ceb185147c1308c,2023-06-27 03:11:28+00:00,1,2,1,3,0,18
671,07aff68dca5a8455856d7170dc64138c0360ade9,2023-06-27 03:32:12+00:00,1,6,0,6,0,11
672,7ea26e6e2cf23eb340fcba160abfedc2a172839f,2023-06-27 03:49:44+00:00,64,2167,345,2512,0,306
673,53f4163936ca542e3d2da2e156a6f23a159f40d6,2023-06-27 05:14:18+00:00,8,28,51,79,0,19
675,780fd7eb9bf823ca36b03d3b0915acd0a44beb30,2023-06-27 08:48:06+00:00,18,210,777,987,0,52
676,8c0cdd716f9454faa679ea2cb515160fa0d0e487,2023-06-27 09:48:31+00:00,1,3,5,8,0,45
677,d53ab01352c25aa8c10507a24c6a81a0d2db3139,2023-06-27 09:59:07+00:00,2,57,55,112,0,24
679,0972af80e630cf0ab8fa812f108bc4e89c2fa71d,2023-06-27 14:11:01+00:00,19,115,242,357,0,139
680,b2dac0656af592f085b58d3d7def3cc4534fbe69,2023-06-27 15:57:11+00:00,64,345,2167,2512,0,363
684,be8ab2feab5b027de0d4d4b65435c0523c3c681c,2023-06-28 06:38:07+00:00,1,0,10,10,0,0
685,abcb6e1bb4960c7bf1eff103d7957dc1c40afc23,2023-06-28 06:53:37+00:00,3,3,3,6,0,1
686,7c3f8ebc2a62def666a55a54cc8499d245b5d099,2023-06-28 07:35:24+00:00,7,35,55,90,0,25
688,d01b177b09f888826fd8e2a3575beda0dcce47b2,2023-06-28 10:35:25+00:00,2,38,42,80,0,51
689,0b3052809f839a0453ac986829ea116e2e0281b2,2023-06-28 12:18:25+00:00,1,1,1,2,0,3
690,67cd3ca34c08c5ddd63f6e3141df24e2858463b6,2023-06-28 13:48:53+00:00,9,87,253,340,0,71
691,0474036f1f22460fba0b83aa06e4ed58687adaae,2023-06-28 14:32:02+00:00,2,4,11,15,0,2
692,87c516ca6167974e6ab4f8d1e894bd26a40786da,2023-06-28 15:09:49+00:00,1,0,7,7,0,1
693,f5ccb0dc3b53aed24e72636e58620a5c53ef6e94,2023-06-29 00:53:25+00:00,1,1,6,7,0,2
697,a9dc07e4bafcd507011717fabec7614f202e54f1,2023-06-29 04:07:58+00:00,2,10,11,21,0,68
699,094c5acb28074d25ad09523c13e589b557113388,2023-06-29 08:15:13+00:00,1,1,1,2,0,0
700,0e9c12910b310ef0daf8c459293de7d2dd3fa976,2023-06-29 08:31:03+00:00,1,1,1,2,0,0
701,3d1e5e3174e0ae58c8bf3bfbdffa997ac3ca8376,2023-06-29 08:31:17+00:00,1,9,0,9,0,11
702,1634d848ddf0da7e9a94228b3dceba845bd7bfa8,2023-06-29 14:33:53+00:00,23,57,155,212,0,108
703,5d7f7670470784235cca04ad0b7b23ad8f84704f,2023-06-29 14:56:17+00:00,14,1,432,433,0,6
705,fe26bbf9f9bf487664d098b0dc217ae2aab0dc27,2023-06-30 06:29:50+00:00,3,2,16,18,0,113
706,04b08dc0805c3a448ad8999ee4feb6f4b09767f3,2023-06-30 07:33:56+00:00,5,16,43,59,0,10
707,6f0c40cded3478e53168bca035e6edf2ad28d8ea,2023-06-30 07:50:01+00:00,1,1,3,4,0,4
708,9c32f0c859c3080decce5b80c1fc5f9bc1ff4dee,2023-07-01 01:03:47+00:00,4,0,17,17,0,1
710,b7d71bd545dea28d4c4ee11c9915817ec94e1a74,2023-07-01 01:27:52+00:00,2,3,8,11,0,7
717,6053f7bf856bf6951df41d8eed8a0b78d137fcc1,2023-07-03 02:36:18+00:00,1,9,9,18,0,2
719,17ceb5b3a355da4c5fcef12c0ad6a3548cb6221a,2023-07-03 03:08:36+00:00,1,1,1,2,0,3
720,2434115f9957f7ce08bdc95619d22c466783d462,2023-07-03 07:20:49+00:00,3,0,24,24,0,3
721,2d3ef21232ae1cf5dcc78ec056df83bf1d401365,2023-07-03 08:48:27+00:00,2,18,45,63,0,11
723,ec0e12bac3ba3103dc386e80cf4721f7503b223e,2023-07-03 09:17:38+00:00,1,1,3,4,0,11
724,1837548fe8b23ef91f92922bcef5f88f07bf427a,2023-07-03 09:35:28+00:00,14,133,146,279,0,0
725,ab334093add5f6acd8f86c8fe6660cfaed1f02eb,2023-07-03 09:38:42+00:00,3,15,7,22,0,24
726,59716f4cd6d6ae1c9c6bd56def34db6755a2bac5,2023-07-03 10:26:34+00:00,5,9,15,24,0,5
727,e31475e6bf8f1bbc6c556ce19ddf755fd99fd22c,2023-07-03 10:33:15+00:00,8,20,26,46,0,10
734,d1842ed715e867a8b03426532d1048f0dde5ca9a,2023-07-04 03:18:57+00:00,1,1,2,3,0,7
736,db4c5c37993e5e639232511eda39c97516a09fe0,2023-07-04 07:17:16+00:00,1,3,15,18,0,0
737,477ed49cd652aed42284dae0acf7d13ee9426554,2023-07-04 07:29:06+00:00,15,73,63,136,0,108
738,2b58cd542eacb05b9890db64443b84794d99a2ae,2023-07-04 09:01:52+00:00,1,57,74,131,0,4
739,3221f24d34df14e1e47efd4e4407144ee60eaf24,2023-07-04 09:10:57+00:00,2,12,40,52,0,6
740,5a206c348500b97fe3492a3aa6c3d6bcbd1b4a4b,2023-07-04 09:52:32+00:00,4,23,39,62,0,4
742,69ad18f3e0f54c75f47c0fcfd682280017d10b01,2023-07-04 11:55:01+00:00,3,0,24,24,0,3
743,96a5d8efe3860c1a6b18d63f7c66e8d7c37c0414,2023-07-05 04:15:52+00:00,1,3,3,6,0,0
746,6e3fbfd904ee3c6f996d2286d2e18c3df1a14482,2023-07-05 09:01:33+00:00,1,8,8,16,0,0
747,483bbc547fb03776e392f2049c97df4d505be2fe,2023-07-05 10:32:21+00:00,1,1,0,1,0,0
752,3b7ecd1e6c8019c395b88984cb613c15639c8a33,2023-07-06 02:06:26+00:00,4,2,39,41,0,3
753,88a64fea64b4bb1e71f14505a94d658893b61cc7,2023-07-06 03:13:48+00:00,2,344,149,493,0,30
755,7a279448b42561a35ebfcc3f559d19a3eeb42256,2023-07-06 09:43:03+00:00,1,1,1,2,0,1
756,d1a3bbeb9a100d7c8d48b3e4d892f4267f55ede6,2023-07-06 10:00:11+00:00,2,4,4,8,0,4
759,d8fe08f9b4692f59b1aa9e11c8db617cb3eb4355,2023-07-07 01:59:50+00:00,3,32,36,68,0,24
760,5706947596b3c2ad7818b56351a2ed0e049b1f8d,2023-07-07 07:30:24+00:00,1,424,113,537,0,0
761,31e874dbd15401f76fcaf45eb0e99a8f55fb74e8,2023-07-07 07:56:08+00:00,2,3,3,6,0,13
762,09be4f19c8192ad19e3eb9aa88a867d3c29b47ea,2023-07-07 08:28:04+00:00,4,68,79,147,0,27
765,94963a6be9bcfaef5b5b3a4bf713a3284aa4bdb7,2023-07-09 01:50:53+00:00,1,1,1,2,0,4
771,e8dd05243a20b9329cdb3b802dad75f680ca3d29,2023-07-10 03:15:01+00:00,58,1580,531,2111,0,117
772,d857e899eb0b67d0762806ecf6a66cfe190f5a26,2023-07-10 03:20:49+00:00,10,25,19,44,0,18
773,40685f7c5270d9951c82a04148162989dbd9cd79,2023-07-10 05:31:21+00:00,1,17,18,35,0,1
774,05346550be09fa32bf15cab3452dd13697159405,2023-07-10 05:32:54+00:00,1,0,7,7,0,1
775,09e7ead7722c704e6dcf95be534d997fdb7ea2c7,2023-07-10 07:08:11+00:00,16,113,366,479,0,75
776,299cd2b96b8042188f88d5e619ea7e422de25726,2023-07-10 08:31:00+00:00,3,4,8,12,0,8
777,5f591b158e7b3063f08dbf311efb9789743e1837,2023-07-10 09:03:09+00:00,10,35,61,96,0,174
778,df16393debbe26659f34bfe04a30288a0254d89b,2023-07-10 10:11:50+00:00,1,2,2,4,0,24
780,df917ea7a43ffad5a72ab5ad23866b0e03ae5ad9,2023-07-10 10:48:07+00:00,1,11,15,26,0,2
781,5f48c8be55d6aacd88e76e8ae1a0169ae78e51a9,2023-07-10 21:12:37+00:00,4,18,30,48,0,39
782,e8276fad6ca3b5aa711bc66afef0d0b239895c50,2023-07-10 21:13:41+00:00,5,5,5,10,0,28
785,326f96c29855d963e97742056988128cbc935703,2023-07-11 03:41:34+00:00,1,2,7,9,0,7
786,91b8fd4203cf887370bdb4266e44cbfd9fe31433,2023-07-11 19:20:23+00:00,2,2,7,9,0,2
787,8048a08759e8df05673ce1767598ae79eb2d9657,2023-07-12 02:28:08+00:00,4,7,45,52,0,20
790,f8c369fc9d2eff2bd8338b7a7fc7125cb5a2f4f2,2023-07-12 02:31:32+00:00,35,105,239,344,0,246
791,5f394ea447c7f9990f19b471e70b7ecb63b51262,2023-07-12 06:34:48+00:00,1,5,7,12,0,4
792,d8cd4cb895c6bf928471d9ba3096a09c76196983,2023-07-12 11:20:12+00:00,1,0,1,1,0,1
796,31b65f684a5dc670f1c2bbc554098cf8aa7ab167,2023-07-13 04:43:51+00:00,4,5,7,12,0,26
799,b6440ab1acccb15c967894c0c44428b09a63bead,2023-07-13 05:50:53+00:00,1,0,1,1,0,0
800,2c658d271c6f1723e92bdc8e8e1434e79406388a,2023-07-13 05:51:18+00:00,2,1,3,4,0,1
801,48c39e213bb85bf4ead63690731641d348187f46,2023-07-13 06:54:27+00:00,1,8,6,14,0,4
804,2c681b7608d763d72ee3ba8444edde66f25bdb9a,2023-07-14 08:22:50+00:00,38,157,200,357,0,177
805,4d3dd5fa7d016ea9446386007c51946a7ffb00d0,2023-07-14 09:14:33+00:00,2,2,6,8,0,22
806,a96c2acba43a6d8732c2ab5f1a42cb64c3089e19,2023-07-14 10:32:01+00:00,1,1,2,3,0,2
807,87dfc51cdbd9063aec3174714e07c3370d28343c,2023-07-15 05:31:01+00:00,3,0,12,12,0,2
814,ca9a05bc62517e4f1d5bd3984b057c8571bc2d3c,2023-07-18 02:42:58+00:00,1,2,2,4,0,0
818,9ee13e5e34a58085f950dc06e2eefc45fa198a20,2023-07-19 07:19:47+00:00,2,0,15,15,0,1
819,31969397d312ec025f026e69da099e6040fb01bd,2023-07-19 07:25:38+00:00,14,1947,243,2190,0,12
820,e37aa76e6dddddcb0ff3a89b5e9ef0529709a276,2023-07-19 08:15:39+00:00,3,0,33,33,0,3
824,4db20d7495974460e45ed0d831c1de7bd564d7d2,2023-07-20 09:11:56+00:00,1,1,1,2,0,6
825,14b229a33ff3483164c3e3072e3b8afec74627cf,2023-07-20 23:49:08+00:00,4,15,29,44,0,18
828,ef8b5effcdea8856976144d5ca8e0f43c3b784b6,2023-07-21 03:48:14+00:00,3,4,8,12,0,2
835,96a1ff37ed634da037c6c95dcc5bca1554f84989,2023-07-24 03:15:59+00:00,5,0,68,68,0,1
836,96038b84a7b13a0d915322ec3296af281ea75633,2023-07-24 03:54:18+00:00,1,1,1,2,0,1
837,44daefaa2ef2134633bf6929a01c54ea5fe1e110,2023-07-24 04:59:57+00:00,1,0,42,42,0,1
838,35a876177fdd5e370b7b9f5facf792e2067c3c9f,2023-07-24 05:00:13+00:00,1,1,2,3,0,0
840,ad4e99d1bee144d71686dc9cac3622aa6377f900,2023-07-24 09:13:44+00:00,3,10,119,129,0,3
843,8217b73c30dec05d711923afbd21d3d25f60719c,2023-07-25 03:31:37+00:00,3,23,59,82,0,19
844,c9a3e46252eb16e1cd809e64376266116e08c6a5,2023-07-25 03:32:14+00:00,4,12,12,24,0,0
846,500adb4f898bd006d3312f5723b2bbadd1fa9575,2023-07-25 03:58:29+00:00,1,0,5,5,0,0
848,5edc1ffb040d0870541911d6e3ef3f2912d6ffa6,2023-07-25 04:18:21+00:00,4,0,20,20,0,8
849,b7111db1b8c02b9b0c92b34afec4280319d066e2,2023-07-25 06:00:14+00:00,2,0,15,15,0,1
850,a74e0e8f710e371e6bc0b56f356eddd15858b0f2,2023-07-25 08:45:49+00:00,1,0,8,8,0,1
853,1b085efafdb55e5777d778a0d530e47b1ca55a9c,2023-07-26 07:48:56+00:00,26,26,168,194,0,143
854,4a572466dfe373cbdb25f8f8a14321bd57a82070,2023-07-26 08:55:45+00:00,2,0,16,16,0,3
855,e0668f69bfad42f9a7142ae40882913093cbe405,2023-07-26 08:58:18+00:00,1,1,1,2,0,9
856,fb4e38ab1855c49fc3238dcd51af1c0d8d06afda,2023-07-26 09:34:42+00:00,2,11,21,32,0,63
858,23fc46f4afc84164d934df77c440181a10c1ffda,2023-07-26 10:05:07+00:00,1,9,2,11,0,7
859,0980599b12435d8f6827e0e2be1198afd0dca1d5,2023-07-26 14:35:33+00:00,1,2,19,21,0,33
862,6357c7da874177bdd54fc18b66deadbdcaafc8bf,2023-07-27 02:38:52+00:00,23,97,124,221,0,199
863,46a40b866c84229a46b618a0a6ad21010a8897e3,2023-07-27 09:43:47+00:00,6,16,49,65,0,51
864,81a0c73d7dda74e1b061c534f1024ce37dc6c3a4,2023-07-27 09:44:18+00:00,1,1,1,2,0,2
865,77fc3406a04363d1fb9c8ee352134407ab76dd40,2023-07-27 11:30:48+00:00,14,30,35,65,0,18
867,51e0d1026e0d6c1499d7743283bee5c8121d7e37,2023-07-27 12:56:36+00:00,8,1,156,157,0,5
868,1c18099e5f7fd96b24bd292fca1bb246248bed03,2023-07-27 13:05:32+00:00,2,5,10,15,0,3
869,c2acf32706d51ae0051f3dd15f1692c39421f1c8,2023-07-27 14:02:06+00:00,2,3,3,6,0,1
874,fdd399347e9bf948265f232b88b85fe49bc680ef,2023-07-28 07:03:51+00:00,2,4,14,18,0,2
875,1e344de685a2e030260894e9d0a024f5f29cc149,2023-07-28 07:04:53+00:00,7,38,120,158,0,33
876,6aafd106dcd009a6036d3ccc98910f1c0dbe3c81,2023-07-28 07:16:29+00:00,6,25,66,91,0,61
878,82134f0fad367f32a3d8b526644f24803128095d,2023-07-28 07:20:41+00:00,6,18,18,36,0,0
879,fe79f2edf1ca494213ac327ebb62c98c04ca1958,2023-07-28 08:02:10+00:00,2,2,2,4,0,3
880,e6514c82e095268422e3bc22e1c8520caa1c93f2,2023-07-28 11:10:41+00:00,8,7,24,31,0,69
881,70e3f4440dc380282b0985b8e171e731c384f8e7,2023-07-29 03:58:37+00:00,1,1,1,2,0,0
883,34675d47b2a08ae9186e8e363a31aad06aed2f86,2023-07-29 04:05:48+00:00,1,1,1,2,0,0
886,0ef2024201d502cb4c4b0927d570c315edd3d04e,2023-07-29 17:16:12+00:00,1,1,1,2,0,0
892,4a59f88cda415f6a69edb2f5dfa0824b8657b201,2023-07-31 02:25:12+00:00,1,1,1,2,0,0
893,fed03991c7021041e0d9c0488433dbe857fe1bb3,2023-07-31 07:58:17+00:00,3,0,24,24,0,3
894,491a9d5810d2e4e7ec8870831a749ab8a40fb342,2023-07-31 08:59:01+00:00,1,0,12,12,0,1
895,abddf2021abe19be8b4b7e5b8636f1f547a4da86,2023-07-31 10:45:23+00:00,1,1,1,2,0,18
898,1f068e9a3283f626f92d2624d7985a9ec274bf89,2023-07-31 12:38:32+00:00,32,184,1804,1988,0,261
901,8fcbea4c6993f54e53bec4b78c4c15cb5539e192,2023-08-01 02:03:38+00:00,4,12,19,31,0,26
902,86ff60c3fbee83554bc5395a21b2397169420d81,2023-08-01 03:00:20+00:00,1,3,3,6,0,0
904,831d968967e086a5b2681d320e6f7287b31d3be6,2023-08-01 13:59:40+00:00,2,145,145,290,0,0
905,e3a26b7e126af32d004cad7b0e0108917d214005,2023-08-01 14:11:49+00:00,3,1,21,22,0,57
906,6ebe500133bca7df7e13731e1035ba7254e3c0a3,2023-08-01 14:35:54+00:00,1,0,1,1,0,0
907,420c729988cd973b90d621bca398c67aec024faa,2023-08-01 14:42:25+00:00,3,0,24,24,0,3
908,b0aa515b5b5ab170ecc6dee87dc9008cf9c86916,2023-08-01 17:45:47+00:00,19,107,187,294,0,18
909,c28a6b0294f665b1fb56d49e4bff1f32decb9749,2023-08-01 17:46:06+00:00,2,2,2,4,0,1
912,5cb43ff179c54d6441eb71ae1d3b5733f1c5691d,2023-08-02 01:54:31+00:00,1,4,4,8,0,1
913,6702ee0c4c46df5d84a574c0af035f1caec9ec8d,2023-08-02 02:44:22+00:00,2,2,2,4,0,2
914,4b28f18d43e1c9fcf82b6b2b053e75e7c01be095,2023-08-02 07:31:46+00:00,17,3,75,78,0,31
917,cd1cbd434d15258eabd76f5e00b5059d5f6281f3,2023-08-03 02:27:05+00:00,1,0,2,2,0,4
918,f85c34033eda58cc0b9b6723998a1999e060bc5c,2023-08-03 15:51:41+00:00,7,3,78,81,0,35
921,64f680cfd7e318842c4c3c367d85c6ba7a42c525,2023-08-04 06:54:25+00:00,2,25,28,53,0,27
922,6217cc37c3f945ad6bc867aa2c1cf9d0b8701cbb,2023-08-04 06:54:54+00:00,2,0,15,15,0,1
923,25d3cee77255c4273ee5d9d905c739ee36ed2429,2023-08-04 07:29:19+00:00,1,3,3,6,0,1
924,64d7cd0801bae7a0876744cd33d841dcdf6dd9f1,2023-08-04 09:41:41+00:00,1,0,2,2,0,9
933,afcb6a30d6f12a3154a7883fc2d93061132c1933,2023-08-08 05:32:54+00:00,10,191,245,436,1,98
934,0dbff28b2d0afb928c3b0ac5ad4fccc9e19a4c33,2023-08-08 06:19:14+00:00,10,245,191,436,0,96
935,061648deaf31a555a29c49be54ccd6610f99f3fb,2023-08-08 12:55:06+00:00,1,0,28,28,0,1
938,3ff4b6c2290c06dac309ea22d6983512cd237906,2023-08-09 08:22:09+00:00,2,0,16,16,0,3
939,f3179976604fed98f7903377a701bc5caf3a51f3,2023-08-09 10:23:43+00:00,1,9,9,18,0,1
940,8b24103b1df6ff56884bc29a678a4dd4baee7ebd,2023-08-09 13:53:20+00:00,10,191,245,436,0,98
943,2151a6cdd588c70d131b6ebe396a776358eca75a,2023-08-10 03:37:58+00:00,1,5,5,10,0,8
944,bc811b2a4daafdae63f05486725326dcd58dfb82,2023-08-10 03:43:21+00:00,1,26,38,64,0,27
945,e2e4be1df2706f0a7de69019a30523bde2786dd3,2023-08-10 03:53:06+00:00,1,11,17,28,0,9
946,f3b3f72765ab7f89c80c7fa0e420d46e9f701213,2023-08-10 03:53:47+00:00,2,3,7,10,0,13
947,54d6c440e974d1c7708b71f276eb47a0baefe82e,2023-08-10 04:51:46+00:00,3,2,5,7,0,6
948,e0a681bc68e0f1d1e82db6e48ca48ac5fd710d4e,2023-08-10 12:17:07+00:00,12,14,38,52,0,25
949,2f7f5e1a0e448ca870b2f7333035178906033726,2023-08-10 12:24:11+00:00,2,4,4,8,0,4
952,ca0f90b69c59ce282cc39ec703444dc9581779a9,2023-08-11 02:05:57+00:00,6,72,203,275,0,76
955,ca99b0b2fb1f0abd642d6ab836ec861eb26926ec,2023-08-11 03:07:29+00:00,5,66,52,118,0,8
957,8b42c2c8d98529b22869c4e230e59355f57af4e3,2023-08-11 06:42:43+00:00,1,2,50,52,0,0
959,0c71b1a8467b3215e972f22325657bdaf8eee80c,2023-08-11 08:01:55+00:00,1,0,1,1,0,4
960,51b7b1ceb496a5bfe9c91a7b3edd4fa6475e3b24,2023-08-11 10:46:15+00:00,2,0,6,6,0,0
962,6be16b2cae5c129d7bd7a3fb71f2f3977a7ea20b,2023-08-11 10:52:01+00:00,2,2,2,4,0,0
969,2cddc26e6f1adfc21385117beefb9d8a20fe258d,2023-08-14 03:03:16+00:00,29,200,119,319,0,232
970,1fa68c1725095bb9ed7827533de32ae0ce0ab535,2023-08-14 04:11:19+00:00,1,1,1,2,0,12
971,9d2d1845c1953ffc7233a18b93c3be3998ad757d,2023-08-14 05:04:43+00:00,2,2,2,4,0,12
973,0ca5c67adb1886191c2ab09b6a6af03f49cea2b5,2023-08-15 00:06:45+00:00,2,2,0,2,0,7
975,14b69e538401fb157642b71a6c95b55ed8c84cca,2023-08-15 00:20:40+00:00,2,11,10,21,0,23
976,c013a4c334256a749657fbc2e7596dbc2571f9fe,2023-08-15 01:48:02+00:00,7,8,21,29,0,66
978,709f8863ed3082b1497f264fc35f637d6e41c55c,2023-08-15 04:08:26+00:00,3,3,56,59,0,5
979,d4c131cadfed12507d1e1b2dccc6e5c492f26125,2023-08-15 04:33:51+00:00,1,10,4,14,0,2
980,df45d0f8a5d5c33cdd0486913d2012abaa82bf02,2023-08-15 10:54:34+00:00,27,524,1786,2310,0,60
981,db8ffd0793c4c1998dc7ca5bce77aadbe3bae51b,2023-08-15 12:57:31+00:00,2,0,15,15,0,1
983,d8742ccbcc855aa65d1c8fb92057c0a5b8996d38,2023-08-15 17:24:40+00:00,1,1,7,8,0,2
984,b61dcaf3781ec3763f20af540cd76b7b5c5e3681,2023-08-15 17:25:03+00:00,5,167,51,218,0,63
987,e2ada6d9fb5445ea9380e16f76024b75d8527583,2023-08-16 03:55:41+00:00,2,14,18,32,1,6
988,726a09484826d6fde32258a8f63ab1061e10a21e,2023-08-16 04:11:09+00:00,2,8,14,22,0,10
990,14371155a813bfb5e96e680b2e174cbcab8c186f,2023-08-16 04:28:02+00:00,19,3,98,101,0,36
991,13ddae5f8be9b828acdbe15f5faa481df65c1a04,2023-08-16 06:00:52+00:00,1,0,3,3,0,0
995,580484ec400db04f6e134aa5484b597ebcea8efc,2023-08-17 01:39:14+00:00,2,18,14,32,0,4
996,6437fbfbad1efce53ce21693f38cb4b57730db16,2023-08-17 01:41:44+00:00,4,18,16,34,0,2
997,981230df0948322fea669dcb07d3129668a5422e,2023-08-17 02:03:20+00:00,1,2,2,4,0,0
998,299cf46b7c54937920478bbb2c09290dff878197,2023-08-17 02:29:10+00:00,6,25,73,98,0,16
999,6da4bb6673ad6eb374643b8aa13e9e3876c266c8,2023-08-17 03:30:52+00:00,1,1,1,2,0,1
1001,4ec175001f8d30657d38048b89b185323007e02d,2023-08-17 04:22:27+00:00,4,0,0,0,0,0
1002,801df3dcff3b39f98c55e676aa62b6374c5b89cd,2023-08-17 08:20:59+00:00,2,2,2,4,0,65
1003,2e4593b56491545f5248461dded64f6244eee2e9,2023-08-17 08:45:56+00:00,1,9,0,9,0,2
1004,358994e9664f010044930dd69699b947cbb07f4a,2023-08-17 09:22:30+00:00,26,235,328,563,0,91
1005,2a6e2093626a9989ccdf788abf05a6ceb637a099,2023-08-17 09:36:21+00:00,1,2,2,4,0,11
1006,9b4781d125cfe430a56cd56c757ee54e6619d538,2023-08-17 10:49:51+00:00,26,327,234,561,0,93
1008,30bf85800e85f3801e0fc9f1f57d6d2e2d0c8876,2023-08-17 13:15:40+00:00,26,239,334,573,0,91
1009,d6980a0eccc9629f1836e8d4943cb7ce87842759,2023-08-17 13:37:59+00:00,3,3,3,6,0,11
1010,fe13962aad8bc597118ffb66b3ee9f459dab15aa,2023-08-17 13:38:39+00:00,8,1,191,192,0,6
1011,5ef1e69ff6a125efd36919362a7d58b61ca5d05a,2023-08-17 14:22:33+00:00,2,2,2,4,0,3
1014,007adc6ef7075bf84ed32c504222575d0253f856,2023-08-18 07:42:56+00:00,3,5,10,15,0,12
1015,6f44768edac6f50242595a6d1ba4c5008e934daf,2023-08-18 08:31:06+00:00,2,0,15,15,0,1
1016,f4bae0e74b76c642ee47f1e304236f3a8716e7cf,2023-08-18 22:28:56+00:00,1,0,9,9,0,2
1017,d64a8b41d988d45c9941ccd7518734e52a520908,2023-08-19 02:20:12+00:00,1,13,28,41,0,0
1018,3d18a08d0121b3853fcfa3e1dd8a84ada40fb3d5,2023-08-19 02:26:38+00:00,3,14,36,50,0,27
1019,4782a2e6e1761a9f5bda263c3b8b9a406832e377,2023-08-19 02:37:16+00:00,10,77,89,166,0,91
1020,46b9699a9451fbcd30a95ac0e9faa55a8d95257a,2023-08-19 02:39:46+00:00,8,70,107,177,0,94
1025,9ef089094611b24478f3c7fad57dbafe043c7d66,2023-08-21 00:15:12+00:00,2,2,2,4,0,28
1028,4ca0bde659022501efebf2f7254a585a3ec572fb,2023-08-21 01:16:10+00:00,1,5,9,14,0,2
1029,b590424b17b1a50e6ff5e03162bede25e8b81e26,2023-08-21 01:20:34+00:00,2,2,2,4,0,28
1030,2b9619fe334e252d0d00d70d60066d0d691d0a78,2023-08-21 01:43:40+00:00,6,73,36,109,0,17
1035,5eb817706fd3cf34b83deca82137e15f8d55b7cd,2023-08-22 01:55:31+00:00,4,4,14,18,0,10
1036,72feeb96b45447ce1ada3205a397deec248a074b,2023-08-22 02:40:20+00:00,4,24,5,29,0,5
1037,0d809fe5282b61f9824438a98f8210d430f7052e,2023-08-22 02:42:13+00:00,5,11,8,19,0,40
1038,8605fa68c102cf0ea320c23e27a719af588f4fee,2023-08-22 06:38:45+00:00,1,0,8,8,0,2
1039,d27ddfc450181ef84af832ff73a739dfd3edff0e,2023-08-22 06:46:08+00:00,1,0,7,7,0,0
1040,c4848219850400dacaa18eee6f7b69711a7692f1,2023-08-22 07:16:30+00:00,3,0,87,87,0,3
1044,9f3172be8dd4f1056a4a2bdb9f8cdd6275765924,2023-08-23 03:57:15+00:00,2,1,10,11,0,1
1045,b19016c1f1491778c70e0ee2e35a585d1dc1d71c,2023-08-23 05:31:13+00:00,2,28,35,63,0,63
1046,84b5d3743f39fac38f5075848ad3ac9887b3cc6c,2023-08-23 09:12:49+00:00,9,32,79,111,0,12
1052,bfd9abe44af823bd428313e87c9407031dc945b6,2023-08-24 06:52:25+00:00,1,1,1,2,0,0
1053,05cdbeaee446c9f778d05a9109f652e65d94d282,2023-08-24 10:24:22+00:00,3,2,15,17,0,16
1054,5e15c611eab231e71d9f118431d33d70f888f66d,2023-08-24 12:08:22+00:00,27,13,149,162,0,79
1055,fa4a103dcaa2cbb7b07686abb19973d9db3e15de,2023-08-24 12:12:21+00:00,3,21,38,59,0,7
1057,aa93e8c6279653131a1675d3135b33ce47367b10,2023-08-24 13:59:17+00:00,9,1,181,182,0,6
1060,de517fb478aee5148e56f489e469455e72812a3f,2023-08-25 00:24:36+00:00,7,14,15,29,0,39
1061,8b31acf4fda49ddf90f6e3468848ce1a0d2f5a89,2023-08-25 00:32:17+00:00,1,1,1,2,0,2
1062,659be052990741a4baadd83f1d3461b56e2ef02f,2023-08-25 03:48:56+00:00,3,45,117,162,0,17
1064,8fcf77ab4d237b00909e034644b4885946724c08,2023-08-25 04:09:21+00:00,3,1,7,8,0,3
1068,e9c08078742e167704e362fc00eaf07d64f4362b,2023-08-25 05:24:37+00:00,2,18,7,25,0,0
1070,cabf087c6e47d918c8f8aa13ceefd209fe4d84c8,2023-08-25 06:12:45+00:00,1,5,6,11,0,0
1071,f7988ec98a3f11b09408219837b78b59d8d3c3e2,2023-08-25 08:45:32+00:00,3,5,23,28,0,15
1072,46dc33db6f99cffdd2041a61d25c8cda300d8b6d,2023-08-25 10:36:34+00:00,7,140,239,379,0,53
1073,24f51d3142af42aae7b3bd36133824370e583e55,2023-08-25 10:38:20+00:00,1,0,5,5,0,0
1077,f2222ed7842b69c1c9bd5f475bd2fdfd9596e4ce,2023-08-26 11:22:45+00:00,2,2,3,5,0,8
1082,3631e387435225cb516f308ac0069ac7f7481394,2023-08-28 03:58:22+00:00,13,45,53,98,0,65
1083,62aaecafa58daae40653e33d159d0b47a1e064f6,2023-08-28 07:55:01+00:00,1,0,3,3,0,3
1085,2db02f01bc93588051b6df4824031b984f4bf23c,2023-08-28 09:28:30+00:00,19,10,3315,3325,0,67
1086,4b3b18079ca9cd5ac5855080887dd48c3d40ed29,2023-08-28 10:09:35+00:00,1,0,5,5,0,0
1088,f82b3ebd19b77d0f026228168226ea91b2f43323,2023-08-28 10:40:49+00:00,4,6,18,24,0,18
1089,a9b41e9892131f542ebfd677cc505f3c5135333c,2023-08-28 11:46:40+00:00,1,2,15,17,0,1
1090,74b3c1e8f7cdc59f41eecb8036ca5658db5d79a3,2023-08-28 13:52:21+00:00,1,4,9,13,0,50
1091,0e1c728b87691c5680b29cc4f74794918deeeee3,2023-08-28 14:17:24+00:00,2,26,14,40,0,8
1094,bd8473ebdf5dd2eac5d9818efcdf7cf8bf2ceaf0,2023-08-29 07:21:17+00:00,1,1,14,15,0,0
1095,99a43e7b4751805620550253c1c81a394340267a,2023-08-29 07:58:33+00:00,2,1,16,17,0,0
1096,be62f3b8019a0e63da46eb3f8ddf57fe1756c3af,2023-08-29 09:38:10+00:00,31,1457,497,1954,0,180
1097,4994dc76bd6223956e8ce92b0941c9fbba0dd380,2023-08-29 10:47:16+00:00,1,13,7,20,0,4
1100,9d0bdc9fc0d034b92fccc6383df334004887221e,2023-08-30 04:21:23+00:00,2,3121,9,3130,0,1
1101,088702e95cf8faf3a406ff425c0dcea4e86be9a8,2023-08-30 04:23:20+00:00,6,11,11,22,0,46
1103,df25df6e03d4b28648f9c6153fd52bb983b35212,2023-08-30 05:46:18+00:00,1,2,2,4,0,0
1104,81970821034a9f891d6ada132d0ab4889d54bde3,2023-08-30 06:22:15+00:00,8,9,27,36,0,68
1105,b7c1f4337f0be39c54d8e26c0fdfbd7398de9aaa,2023-08-30 07:42:53+00:00,19,1,140,141,0,36
1106,3687757036751e2592de55e4677fc2d3879f1bce,2023-08-30 07:43:03+00:00,1,0,9,9,0,2
1107,000c475477fc5f242c88335bea461664617cc6c5,2023-08-31 03:22:09+00:00,2,8,19,27,0,8
1110,99253b6e8feb70101e9aab60786e0937e25ea781,2023-08-31 03:52:29+00:00,2,1,13,14,0,39
1111,6c0435deeed928ee0909f3273c37e19ea1529fa3,2023-08-31 03:53:20+00:00,8,599,18,617,0,33
1113,612c9195a4b7aed66e9ee384430f663f2ba7aabc,2023-08-31 06:48:54+00:00,5,18,79,97,0,29
1114,b048134ab32d50a461c4463b6fb045067a846caa,2023-08-31 07:48:41+00:00,2,0,30,30,0,0
1115,f304b4640f1957f3805bb3835f8f8f828b056f54,2023-08-31 07:48:49+00:00,2,0,29,29,0,0
1116,20ae199042e06e770417431e3ce8a8973f3f9cd1,2023-08-31 10:05:09+00:00,1,2,0,2,0,4
1119,7a0c21e72d1c0c35750458a3fc4c22614d204167,2023-08-31 15:34:00+00:00,2,3,8,11,0,0
1120,80d5531a268a615e9847286e7568b757f727e3a9,2023-08-31 15:37:14+00:00,9,1,200,201,0,5
1125,a895e63a9533abb2964dc56a5b84f5000f64fa20,2023-09-01 02:28:22+00:00,1,2,2,4,0,8
1126,73b382210b87eea1896fe776bb5510378a991496,2023-09-01 04:42:26+00:00,7,29,95,124,0,11
1127,06a70a7e7415a82e5cbb3073500e486c62e72170,2023-09-01 08:22:03+00:00,2,21,96,117,0,2
1128,9ca53aacf8a335f645b37d28c4689b21ee3803b0,2023-09-01 09:30:15+00:00,3,0,31,31,0,3
1129,45476b81f91a3fd0b2da1b43fd7cf5bda91c56d1,2023-09-01 10:48:19+00:00,6,17,94,111,0,11
1130,39d99a8c8b93e023143cd38a21b8b550b8f68ef0,2023-09-01 11:49:35+00:00,5,18,13,31,0,13
1135,5ad6c6c8bfbbd9ab2eccd900fba73e6eb592ccdb,2023-09-03 00:40:50+00:00,1,18,18,36,0,2
1137,f5291ded9d6555baa0f48558f739571cca0046cf,2023-09-03 23:45:50+00:00,4,12,12,24,0,0
1139,308015d5b91f8e0da8ce51fead9db6553d97d34f,2023-09-04 00:06:43+00:00,9,111,112,223,0,33
1140,a3247bb49ac17bc7c0c6b45d4e7bdc1aa285ad3a,2023-09-04 00:14:17+00:00,4,9,8,17,0,59
1144,416cb110b61a6f8c4fce5f6aa6f89ea09f7b457c,2023-09-04 09:34:37+00:00,6,77,68,145,0,7
1148,cb283b55e531cdc880c318b430c450602dbad39e,2023-09-05 04:01:56+00:00,1,0,1,1,0,4
1149,024dc99b4fa56e13d544d04603333c108103547c,2023-09-05 08:08:43+00:00,1,2,0,2,0,10
1150,848fb352fa2d152c3950fd5f61a9626af0abe63f,2023-09-05 09:45:36+00:00,3,234,180,414,0,7
1151,b610a7e19ceb5689b6c90a490797462b84b461e2,2023-09-05 09:45:46+00:00,14,121,268,389,0,51
1152,86fac6393960053c687d8a5e0741c91d04eadecc,2023-09-05 10:13:27+00:00,14,190,96,286,0,82
1153,104a6dd952cc56710a4d256a871871c065d091c3,2023-09-05 10:42:33+00:00,2,2,2,4,0,11
1154,0641cc6edfaf0b70d6d1c89d119f427d93f8e291,2023-09-05 10:46:13+00:00,1,0,5,5,0,0
1155,8913aad67d25cf55384adf90bbf7c4c3c74ec19b,2023-09-05 10:46:22+00:00,1,3,3,6,0,1
1156,b8ae2e48b16304bd0eed61689e1b35babb09e8a0,2023-09-05 12:11:01+00:00,1,0,2,2,0,4
1157,e4bfa0a1511e317ce5e315a38cd02832262183b8,2023-09-05 13:45:46+00:00,15,90,68,158,0,72
1158,ca461697b425d15bff78e8739acb4e2fd2860708,2023-09-05 13:49:14+00:00,1,5,4,9,0,6
1159,4450467f61fcab5968ab94b6c017ebd7f89d7473,2023-09-05 14:28:39+00:00,2,16,54,70,0,18
1163,4fdb8c8dd902270461ff394bfd30c65a1380067b,2023-09-06 06:19:39+00:00,1,7,7,14,0,4
1164,815e70e19d81c61b2c245034e4685a67aa238482,2023-09-06 07:42:25+00:00,19,2,138,140,0,36
1165,a784ca6eddd0e244d135bddd7b913b6f10920ad8,2023-09-06 08:31:34+00:00,33,787,1146,1933,0,91
1168,6f83b071ef12c905d6328ca07a5894581c55052b,2023-09-06 08:37:22+00:00,7,33,44,77,0,75
1169,54ead6fbec9897549839f368834bb4981430d219,2023-09-06 08:37:35+00:00,1,1,1,2,0,2
1171,fdd35e256f5a90bdf7e4ff33abc1d17e2cc4f440,2023-09-06 08:52:49+00:00,5,46,37,83,0,38
1172,efa8af4643bdbfb1a058dd68b9c5773bbf10ee62,2023-09-06 09:01:10+00:00,1,2,2,4,0,11
1173,c2f8fe7bc8314de966db70bb621db950485979b6,2023-09-06 23:42:25+00:00,2,0,32,32,0,3
1176,8337b09a8b0adca339b440e197167d2dd92b67ba,2023-09-07 02:14:22+00:00,4,1,15,16,0,0
1179,5a9836d393f8afc6841d148f173154c6bc6212c3,2023-09-07 02:28:37+00:00,2,2,11,13,0,0
1181,2c1c5e5c8e06dedda4fe71b4c060f1cb829684da,2023-09-07 07:15:35+00:00,32,48,47,95,0,225
1182,575ffc0d5042f70e6b04b901d80274e2cee1e536,2023-09-07 11:42:37+00:00,1,7,0,7,0,1
1183,32a69d8c93a9b768bd20ef510acb5a80a1dbaeb7,2023-09-07 12:36:56+00:00,3,10,9,19,0,22
1186,4c326dac8838e5af5c80f0617c246fbcf8e8a01d,2023-09-08 03:05:46+00:00,137,2469,2569,5038,0,618
1187,329c19490fc2ca0be6115dacc495448b65f4f835,2023-09-08 15:13:28+00:00,1,98,111,209,0,14
1190,78d4563eb576ae694739a489fd7b1f477e51d0a1,2023-09-09 05:55:47+00:00,1,1,1,2,0,2
1191,badb8d26554ef59205c6801a59089ed70675bffd,2023-09-09 08:56:31+00:00,1,1,1,2,0,14
1194,17ccb1ff6c1b2c5018298b015bcd51f40ae55077,2023-09-10 12:47:01+00:00,1,2,2,4,0,0
1195,b222b11d272209df8966d00320839a11f8e65a2d,2023-09-11 01:14:06+00:00,21,5,288,293,0,10
1199,9df78d526c1bd373ba0fcbaee848a2e815f3ceb5,2023-09-11 05:20:10+00:00,1,1,1,2,0,1
1201,dd10c9457bcc31f7ea8b666096b5e5c593c9412c,2023-09-11 06:08:04+00:00,3,4,9,13,0,0
1203,51b77c78749e4c1ec64b66e7ceb20e8e21e5860c,2023-09-11 07:30:21+00:00,13,52,25,77,0,68
1204,bb83caccc2ee343642456b2ac2c2f3b6c4de76ad,2023-09-11 07:30:41+00:00,33,930,1033,1963,0,118
1205,9ea943a8e474fc0e1d55e3d77277acc5690710c3,2023-09-11 09:08:50+00:00,1,2,2,4,0,24
1207,4cca3f68871e9273c4e8f6bf6041f14ca7e926e1,2023-09-11 10:26:17+00:00,9,8,50,58,0,39
1208,db0950a5bcbb6d0e605c6388c6c841ebdfb50774,2023-09-11 12:51:20+00:00,4,7,7,14,0,44
1211,fb71fc11a6eb59b3232aadbf8302f076b57a37a9,2023-09-12 03:02:16+00:00,2,1536,177,1713,0,0
1212,ed9f039c91fb86dcfdbe488c33b14969567d09aa,2023-09-12 03:36:53+00:00,17,73,101,174,0,267
1214,3a9656537e69cc406ccc426c65c47e6425f4720a,2023-09-12 04:18:01+00:00,3,14,18,32,0,16
1216,b840724bdb01783a9639efa47e2c5996d24342b7,2023-09-12 05:26:01+00:00,1,3,8,11,0,11
1217,991f5ae23dcb7dbd2b0d6e2ffd147226e78b2e91,2023-09-12 06:11:53+00:00,8,8,41,49,0,13
1222,9367177d44e50ccfbcb6ce263cf7a2cdd8354b0c,2023-09-13 02:41:07+00:00,2,4,2,6,0,0
1223,8083d181d6ade153e0a0ffbee400706b84225f7c,2023-09-13 03:00:45+00:00,2,2,2,4,0,6
1225,0b03de26a61cddb572a4170834d95779a16af1ec,2023-09-13 10:08:22+00:00,15,57,67,124,0,112
1228,8b7736216973e70c4bad5bd227510ff1bc9c1f0d,2023-09-13 16:27:47+00:00,1,0,8,8,0,2
1231,b140cd4c37e62a6ac937c658a71c7f7522fa162c,2023-09-14 02:53:37+00:00,8,105,280,385,0,92
1233,424636360731c6afc2726b58b55942810096be3c,2023-09-14 07:24:52+00:00,1,0,6,6,0,0
1234,5d48bfe3619c455e58512f718568cc85dc5a7ff2,2023-09-14 08:37:00+00:00,1,7,7,14,0,1
1235,67d0780d1bd0fe0683b65269538a96fda4dbaaba,2023-09-14 09:36:42+00:00,1,0,5,5,0,0
1236,2d7e1b3e2609d5ab9d998e06203eee10611187ca,2023-09-14 09:37:02+00:00,38,640,493,1133,0,192
1238,7ed70cff7ebd0468f7d6ac0598b630668f43f9ae,2023-09-14 10:00:37+00:00,1,1,1,2,0,0
1239,a73a15ee53b74f34a0f1f2d708722be0fee0efbe,2023-09-14 10:03:07+00:00,5,14,53,67,0,30
1240,5914d72e55a3320fc2b431e3dc12ac178aeb01ef,2023-09-14 10:59:53+00:00,14,305,469,774,0,213
1241,f527b2930f0dcecd1a78287d377680417524cd4a,2023-09-14 11:08:10+00:00,18,30,296,326,0,50
1242,21bf720b4d548fdb61f0d203ba8d50ebc7204793,2023-09-14 21:45:16+00:00,123,983,1086,2069,0,362
1243,f30488f5248b357e8a4db2fb94c6e4166529b7f3,2023-09-14 23:39:36+00:00,1,1,1,2,0,11
1244,05c544b228d9b28a6d5361e2e5ab5167c58d8de5,2023-09-15 02:16:05+00:00,2,0,2,2,0,0
1248,d167bdb519026eae25bf47beffcf239daa92a1be,2023-09-15 02:34:33+00:00,2,23,30,53,0,18
1249,a800d2ef3d04cd2fb16f74e9c28a3b1235228200,2023-09-15 03:41:53+00:00,1,3,3,6,0,2
1250,96c3aafb1b39271747ddf8439844f05af7365783,2023-09-15 04:05:05+00:00,7,12,148,160,0,29
1251,92f9b2b65e7111de7368224d1d2d7a46f5cb2c7d,2023-09-15 04:21:23+00:00,1,1,1,2,0,6
1252,d25b6ae34c9190138986581131649c6987691e61,2023-09-15 04:35:34+00:00,11,36,100,136,0,40
1254,3dac935ae18730c692305da18eb5efa2743c931b,2023-09-15 04:45:55+00:00,5,9,12,21,0,82
1255,dfbf2b4a21c9a712202c25a579ef9a65be986a60,2023-09-15 04:46:38+00:00,1,45,52,97,0,13
1257,a8df1e800735432cffaaf4b171e5b70912485a77,2023-09-15 06:47:49+00:00,1,2,2,4,0,0
1258,724c81907c17a9d64fc37f0dc651d3bc05e03f2b,2023-09-15 08:36:47+00:00,1,0,14,14,0,1
1259,e491ed2ba2b8c098654be41d8bcb27dd1569e477,2023-09-15 08:51:30+00:00,7,15,24,39,0,62
1261,187864deb5a8809e6c06953e77eb81167b437f6a,2023-09-15 12:04:25+00:00,2,3,4,7,0,3
1262,29af67cf8324d9c95c29d94c30b671de30e2d2fb,2023-09-18 02:48:53+00:00,1,1,1,2,0,0
1265,ae8ff68735b2a5ad6c7fccb04737befbd12ab195,2023-09-18 03:08:41+00:00,1,1,1,2,0,0
1267,7536c8282c9f710c110efaeac3ee9deed92753e6,2023-09-18 03:15:31+00:00,1,0,2,2,0,0
1269,67e10cd2e70eca7ddfe72972866fac14733ff577,2023-09-18 06:30:18+00:00,1,2,1,3,0,0
1270,5bf67e2666141e575975ecf72e23357078a78e14,2023-09-18 07:40:35+00:00,2,0,15,15,0,1
1271,976e48ea99a468f9cfb0f5445efdc55c364d0d3e,2023-09-18 08:33:20+00:00,1,1,2,3,0,0
1272,56dcac3ec6fd2e0459c388680c613ee8531c397b,2023-09-18 09:05:56+00:00,2,21,23,44,0,15
1273,dcd2a4a8e30afde25a92bfc8d3fb0e2bc1469e07,2023-09-18 09:49:10+00:00,1,1,2,3,0,0
1274,0788fffde77828f42c07fcf34403d8a8b9b4d667,2023-09-18 10:33:55+00:00,14,81,123,204,0,138
1276,e64d230c5dd5719c9a6c57e67cb2dd643823f4a1,2023-09-18 16:04:57+00:00,3,4,19,23,0,4
1279,27a9a23311dca2ba25b798013b7b806fe9a1730d,2023-09-19 01:58:40+00:00,1,0,8,8,0,2
1280,64eae67c8fed1720cf7a87c306d9dddda9c0ad8f,2023-09-19 02:04:12+00:00,1,2,2,4,0,8
1281,5ba1796f4dd174a1e37b8ae8e1510124a026a4f1,2023-09-19 02:04:51+00:00,1,17,17,34,0,2
1282,82bfc787e59162ae8ceaecd6401c08c8f66cd0d4,2023-09-19 06:11:27+00:00,1,8,14,22,0,3
1283,5e3efdfe990d7d10a288d6ba46c6c5c80875249b,2023-09-19 08:48:04+00:00,22,37,60,97,0,81
1285,2bc9eae8609d5a08a7626f930e422ed0f6c1bfa4,2023-09-19 10:26:41+00:00,216,226,282,508,0,1761
1286,81270cfe5ed5f8f32ae0021610ae17be68cb2192,2023-09-19 11:37:05+00:00,2,1,7,8,0,3
1289,003ac8a33e48032ca161dfea65d43956d1e38156,2023-09-20 02:39:47+00:00,1,3,3,6,0,18
1290,23b0d324420c27aa1addec0d750c3b122f64a0c1,2023-09-20 08:37:09+00:00,5,221,260,481,0,61
1293,9f65a3ee091e9950187728f6ed4d41adc09f3539,2023-09-21 02:38:27+00:00,30,449,458,907,0,164
1294,8bb2e022e98551af637a8455336d36c5d6799384,2023-09-21 07:12:43+00:00,6,3,94,97,0,1
1295,0cc7ee0a81d7774d64c74e85185dc39b9262feed,2023-09-21 08:22:27+00:00,28,581,550,1131,0,88
1298,c08f1353c9cf3b37c6593012280281229d24c80b,2023-09-22 03:38:49+00:00,7,23,135,158,0,38
1299,b295c981a36d174f174b3b39ecb0fa8e91d45ce1,2023-09-22 03:56:54+00:00,2,1,7,8,0,3
1302,2f8f8f3ba19f32ec7304461c8faa66e4b60343b9,2023-09-22 06:23:22+00:00,5,2,50,52,0,1
1303,f1536aba185c73cf1032a4e0236de589607c3a3f,2023-09-22 09:51:28+00:00,14,135,299,434,1,6
1306,6d045d0249d7dd31f5d0ffe4047b7a404bff954a,2023-09-23 02:17:14+00:00,25,59,107,166,0,190
1311,03e6df438a4bc350eb56c41cdfcd3567c435f64f,2023-09-25 02:15:12+00:00,50,104,105,209,0,425
1312,b8b9c3de02382552f6d76d979cbf71a29d49da9f,2023-09-25 02:43:32+00:00,14,76,531,607,0,56
1313,b7b1b8601071a2bd8a98936af3bf32746c528906,2023-09-25 04:07:42+00:00,28,160,185,345,0,221
1314,dce949c754c9ffa952f0b0d16bbdbfafa6676feb,2023-09-25 04:12:11+00:00,3,25,80,105,0,0
1315,ec522a2101614cfeeff9399309e590cd1cd7ba98,2023-09-25 06:13:46+00:00,14,299,135,434,0,4
1316,d95f3f9f5a3092c1b1e095729a2dd0e66125077a,2023-09-25 06:21:52+00:00,3,1,12,13,0,16
1317,bd2424eca989096918c3f1f617a5cd672ad29f65,2023-09-25 06:22:10+00:00,1,4,4,8,0,1
1319,132ad5ec23ba56537b4c5b71d2e791e8bd2fc40d,2023-09-25 06:44:13+00:00,1,1,4,5,0,17
1320,8b097ba00d9ef206e34a7487ed7131ab91601a19,2023-09-25 07:23:52+00:00,2,0,15,15,0,1
1322,ec5c0034a33c1681d7965898f58fc623ba8c9176,2023-09-25 07:58:38+00:00,6,33,45,78,0,63
1323,b178e28278a05b62374ff41c895a2237751dc349,2023-09-25 08:27:45+00:00,1,7,0,7,0,1
1324,5a6e008c36d8d580954031db64419a72973586cd,2023-09-25 10:04:50+00:00,1,1,1,2,0,0
1325,8386e08bbfec70ec4efc4a85471519ec137c2c19,2023-09-25 10:18:08+00:00,2,1,7,8,0,3
1326,9ed8b5733d176f967b45a5831f24357202f90604,2023-09-25 11:53:22+00:00,9,35,60,95,0,3
1327,77faeef18dd8e0d98a4383afd8e3110d4e3eb901,2023-09-25 12:00:27+00:00,80,593,538,1131,0,442
1328,03351264b1c56c2b5e8cdbe6a0c4a5010c4488c5,2023-09-25 12:01:32+00:00,2,13,40,53,0,56
1329,1831356d9da79fc36086d599037d7036c9f35ca5,2023-09-26 02:55:29+00:00,121,138,216,354,0,634
1332,8662f0c63186f2feb8babc80a3276b8e19e78561,2023-09-26 03:02:25+00:00,1,1,1,2,0,0
1333,e97240780c940d88bd90f7d232e012fb022d4ed0,2023-09-26 03:11:27+00:00,1,1,2,3,0,0
1335,563d5c2fbdfabe0f0b56a8ada2396268986a7530,2023-09-26 09:30:51+00:00,4,7,45,52,0,0
1336,8531a5cf46fb78ced7f36029cc735b7c02264f66,2023-09-26 10:32:37+00:00,1,2,6,8,0,7
1340,99f5933179a1c8e8f3826a54806d820e339859b9,2023-09-27 06:20:04+00:00,2,10,7,17,0,27
1342,fd998fd6297ce42245890941d08e2e318047006e,2023-09-27 08:42:13+00:00,12,19,212,231,0,27
1343,a9a703dd79bcdd7abe353ed3c583972eda49f771,2023-09-27 10:03:52+00:00,4,13,4,17,0,34
1344,383271a19a91996f8e1a05d71644ae4011187528,2023-09-27 10:12:56+00:00,1,3,1,4,0,35
1345,007261f8bdfd6677f1f9b18dda8f52c7c3f1c876,2023-09-27 10:43:39+00:00,2,1,7,8,0,3
1346,8924001ac9d4dcdd8e1ba7a34d00619a47f5a7be,2023-09-27 10:53:11+00:00,1,0,1,1,0,2
1347,1577caa6f819797a7146adc7f4f023e81c6bae04,2023-09-28 02:48:49+00:00,2,0,8,8,0,0
1351,e2090ac6ade2710cc95aa8a964ae57a96f853df2,2023-09-28 03:29:13+00:00,122,692,4058,4750,0,204
1352,5b1c68cb6a9a6c4a3b38013808eac8728bed255a,2023-09-28 06:59:44+00:00,7,27,43,70,0,44
1353,5ad7fae16e8cab227ccb8124376054151d39a736,2023-09-28 10:18:09+00:00,1,9,9,18,0,22
1354,f8806f13542ae33cb7c675276071a77a13acf3a6,2023-09-28 11:59:01+00:00,2,1,7,8,0,3
1355,435a90ac2c25d59a944d7e825349f0c28b679326,2023-09-28 12:27:34+00:00,43,63,425,488,0,170
1356,ec8894cb56a897a81ac62c260682177ac7b72d03,2023-09-28 12:47:13+00:00,1,1,0,1,0,2
1361,7ec6bc71bcbe2263a1aceb14059aabe7f9cb3a8c,2023-09-29 00:02:58+00:00,1,1,1,2,0,1
1363,93254838ad3f8776e44b70d151ca29f8f92bf94b,2023-09-29 00:10:12+00:00,6,110,111,221,0,4
1364,457d1d3e8b52e63be44433150f29d35dcd64da88,2023-09-29 09:13:40+00:00,2,0,57,57,0,1
1365,1127087519baee02eb4b46738fbe10c7d6353e51,2023-09-29 12:38:07+00:00,63,63,4767,4830,0,396
1370,1816add95abe9de94b2588d2145d1d7f12bdb1ce,2023-10-02 01:45:55+00:00,2,15,11,26,0,10
1371,60785460fd5d3d093c713002218d86436348034c,2023-10-02 01:46:25+00:00,1,3,14,17,0,14
1372,b7c5d122cf1c573317019ae0935155799830c438,2023-10-02 02:02:13+00:00,4,12,12,24,0,0
1374,92f0da053b2ffb5f05a6520e3b52de8a29e1b294,2023-10-02 06:42:25+00:00,3,10,16,26,0,9
1377,cf1f8e89e2e111b21092379f87e4d15d568b6a2c,2023-10-03 02:09:38+00:00,16,35,35,70,0,16
1378,61e105b41bd27f4107b290b9b68ee166f4cb8eec,2023-10-03 03:39:45+00:00,1,12,15,27,0,7
1381,2f079ecd612bad0acf8eec9bafc524efbf9b1662,2023-10-04 00:25:42+00:00,16,10,429,439,0,10
1382,6f75d4210e74190c014265395775b2442c7580f6,2023-10-04 13:06:22+00:00,2,1,1,2,0,0
1383,c0706f381ab8ace751f3f4beaa7b0a83d39f6425,2023-10-04 13:06:29+00:00,3,8,12,20,0,2
1384,86cc091588a5c65ef7a562988be857784e14eae7,2023-10-04 14:02:36+00:00,2,3,12,15,0,22
1386,9871a186e8010650b2a2d1f88b76838876ff4f9d,2023-10-05 10:54:34+00:00,2,5,22,27,0,12
1387,d9d315923fa606c44d2ade740d6c6b42af0ea154,2023-10-05 12:45:15+00:00,171,3628,3536,7164,0,520
1388,298f2b157f4cc100299ad73feed0e8a3e968d293,2023-10-05 14:30:18+00:00,2,4,8,12,0,3
1391,54adf5e7ce97e7be1735d2f7b2b377196a88d116,2023-10-06 11:38:03+00:00,2,0,44,44,0,0
1398,7fe00ab87fb4cf3c540bbc8aa768a3f58da1bcef,2023-10-09 02:46:57+00:00,3,28,30,58,0,21
1399,5891d46a3094a5c2246580237ad17a55623a2e70,2023-10-09 02:48:39+00:00,1,9,5,14,0,6
1400,47f8866007955587c510e366debbda8a818772d6,2023-10-09 02:54:43+00:00,1,1,1,2,0,8
1401,9f0220610ba748743678f1f8fae577d329841277,2023-10-09 03:20:36+00:00,1,6,1,7,0,0
1404,75d0a1a50a929f4830bc26a1fdadf55c977867c3,2023-10-09 04:16:52+00:00,17,203,199,402,0,4
1405,110acb75e95ede2d7315d0c98a34f0c04cef03f9,2023-10-09 04:18:58+00:00,76,275,268,543,0,883
1406,5300d6144b6c1a179929bd1a73d72203cb329b86,2023-10-09 07:44:58+00:00,2,0,7,7,0,2
1408,4ead64f7b1775bd0371f74d18ac06560ddf0e59d,2023-10-09 08:59:39+00:00,2,8,2,10,0,1
1409,c65a2aea9baa9563eff581382e3e1cb4e051e7dd,2023-10-09 09:39:02+00:00,4,3,6,9,0,5
1410,1afb86d2296f18ec1c63e65a660295f608f1ce5c,2023-10-09 12:53:14+00:00,4,6,31,37,0,8
1411,24d68b23d208c22d4a2c3f2aaea04b5da27d8408,2023-10-09 13:04:45+00:00,2,8,2,10,0,0
1415,0481d443de79c62bfdc666dc1d43ffd80657db57,2023-10-10 02:00:52+00:00,65,259,253,512,0,373
1416,569b481d49909d16a2537f5a4e8cf572b21d59e3,2023-10-10 02:21:15+00:00,1,9,9,18,0,2
1418,070354b8a25c40126725aa1bf8fb6a210518fbb2,2023-10-10 02:32:08+00:00,5,20,49,69,0,24
1419,60e5042bc9ce4a086a4f64d731789c3770e2a3eb,2023-10-10 03:34:07+00:00,1,2,28,30,0,13
1420,4e38636d8d187a483c0d4393e03d0d6b2d5303dd,2023-10-10 07:54:45+00:00,11,34,37,71,0,63
1421,462559660d96be54ec87802dabfaf1991572b862,2023-10-10 09:36:40+00:00,1,1,1,2,0,3
1422,80bd19b2753f1e9138ba1762246d5c760cde3cab,2023-10-10 10:26:17+00:00,8,11,11,22,0,40
1423,ed3146c9344e0c51c8cf193a354b0ab9f3011a71,2023-10-11 02:02:27+00:00,21,77,114,191,0,22
1424,a00df5467664ac123ae7fa14678b285a3c756e8f,2023-10-11 02:43:33+00:00,3,5,41,46,0,25
1428,9b20ec8c0adbe01a340ade419a111f883992146e,2023-10-11 02:56:11+00:00,1,2,2,4,0,0
1429,bd94985b0144a4ad41d6226de998141bc1fb3d2b,2023-10-11 08:20:20+00:00,4,9,21,30,0,11
1430,6a1d6635b7e1af832527c0e88900a060e8152356,2023-10-11 08:20:34+00:00,11,16,15,31,0,92
1431,7854230ed1c1fcbff2cfb113ae7d1967bc671ba4,2023-10-11 08:34:18+00:00,6,17,32,49,0,66
1432,56c572418148eb27f71b288f5f955ed399a131a5,2023-10-11 08:58:20+00:00,1,1,1,2,0,0
1433,850be63ebe7ddb362f304108159375a4b2b33c1d,2023-10-12 02:45:08+00:00,12,333,135,468,0,85
1435,96e07ae1aec7bab12ab5f20efd04f03bea0bf2aa,2023-10-12 03:00:45+00:00,1,3,4,7,0,15
1437,f1c03d8a3a58c26839b28c3ea55949b5e9923433,2023-10-12 04:02:09+00:00,4,9,25,34,1,33
1438,7bc181ccb3caa42c2d90c07b74559bde4acd8959,2023-10-12 05:38:28+00:00,1,0,9,9,0,1
1439,140679114328c2207b20c98b51c4f853689ece43,2023-10-12 09:38:09+00:00,5,24,14,38,0,0
1440,9730294e40379bb2bc9da8765111521d389209bb,2023-10-12 14:56:50+00:00,5,7,13,20,0,11
1447,696c7e49d1d4bf8dd1378f76f156f907158237ab,2023-10-13 03:29:01+00:00,4,25,9,34,0,33
1448,afde265b04268efbf4ccc39a8195865aea35183b,2023-10-13 06:26:49+00:00,1,0,7,7,0,1
1449,0f2e7cb5da67bb09bcec8434961fedd6d7455201,2023-10-13 16:05:20+00:00,40,796,37,833,0,62
1454,8fbb85ae30c03066c8443f4ca02b766725504d20,2023-10-15 07:40:40+00:00,4,4,4,8,0,4
1458,70a787a25eb3e2863e1687aa197f405277154bbc,2023-10-16 03:44:09+00:00,6,53,61,114,0,0
1459,5e408a0dbbe75d6182fb68e21481c92b095fee89,2023-10-16 04:11:05+00:00,3,9,9,18,0,19
1460,2ceb8e9ff5217b947966b8d8f204090ae1d8c1f5,2023-10-16 04:11:25+00:00,7,613,85,698,0,0
1461,96acaa46827020dced8ea6d59d9f26b2d80c08e6,2023-10-16 04:11:41+00:00,16,4,656,660,0,17
1464,47f221cc2757b3d9d0101765e3685107bbca4a78,2023-10-16 04:23:40+00:00,2,2,2,4,0,12
1465,4bd39203fdcb30fc26ce14ea706abfe942f9ca2f,2023-10-16 06:37:28+00:00,1,12,20,32,0,6
1466,8ae637f4084cb293f1d700b81b80dc967cf6065f,2023-10-16 06:46:44+00:00,2,10,4,14,0,16
1467,f73f64f081dee45912ea97f99772fb4c7eb0fe93,2023-10-16 07:17:28+00:00,1,39,45,84,0,5
1470,8d250bece3209d253fb1ed2ea1f65989f69deb6f,2023-10-17 03:14:39+00:00,19,72,171,243,0,101
1471,4dd27c7a72f933063a4467b4f18ddcef6b27b9e1,2023-10-17 04:17:23+00:00,3,35,40,75,0,4
1481,84d406652d837dc48e8a1b403fea787d759bc1c4,2023-10-18 02:57:07+00:00,24,43,30,73,0,71
1483,b59c6a2ccaa73f55946c453cee3c92e3a9ede4d5,2023-10-18 04:36:44+00:00,18,95,117,212,0,61
1484,983ebe4180e83aa191fa228e50990a4e3e7cc032,2023-10-18 08:50:38+00:00,1,0,9,9,0,2
1490,9b5d93eb7f0b264a00447d231e376e5862edf410,2023-10-19 03:47:57+00:00,14,143,70,213,0,57
1491,38319759ae6e2b7ec35e72a1718fc4010f4a3ee6,2023-10-19 07:05:25+00:00,2,0,23,23,0,0
1492,ecc79fc67b2f7d925f616f6dae123a3feda8d34e,2023-10-19 07:05:39+00:00,2,0,28,28,0,0
1493,d65e402e0f9707ac947196b691e5f4e12f52df9a,2023-10-19 07:05:52+00:00,2,0,14,14,0,0
1494,5c92269974e2e583dcc01457d2ac1abde859937a,2023-10-20 02:51:52+00:00,4,3,7,10,0,1
1498,15520e566225e020d4307222e2de7153d3024848,2023-10-20 07:54:21+00:00,4,12,33,45,0,30
1500,1c4f53d8764fd1b16c87a30f0d55a578e14a8659,2023-10-20 09:37:12+00:00,1,0,7,7,0,1
1501,159e68dc225ffefb49751a045288f74b9341e6d0,2023-10-20 09:58:51+00:00,2,0,15,15,0,1
1502,dd55a433d38c9be03208ec5c6d7f586bea77d9ff,2023-10-20 14:37:50+00:00,2,1,7,8,0,2
1507,e4dd88db383b5722bd1ad558da73723b5d46c661,2023-10-23 07:20:19+00:00,2,0,15,15,0,1
1508,c236a3ee4633a330f93a75c79871efde24d014fe,2023-10-23 07:20:45+00:00,7,65,62,127,0,4
1511,3dcaa05b1741805f2b7c307ed58e11ff221699d7,2023-10-23 09:06:30+00:00,7,81,70,151,0,17
1512,500b9f325a1562745165e71d8ca639f8a55b1436,2023-10-23 09:06:59+00:00,3,35,8,43,0,14
1513,dd44ad9d6c2e1bb2459809523d6fead4e035afed,2023-10-23 09:07:30+00:00,2,15,23,38,0,67
1515,e2e4e3d90c058dd80551e5d20ad3666e0691f626,2023-10-23 09:31:03+00:00,1,1,1,2,0,3
1516,be64afc42fffa4e2577ef1e1327902c79bdc4ddc,2023-10-23 10:15:59+00:00,1,1,1,2,0,1
1519,4723ba7deb10c4b3fe3892bd18035e7b855fd962,2023-10-24 03:06:07+00:00,4,15,20,35,0,12
1522,d2db1d07b53a7550e1e2a05832d4d1682f0c9713,2023-10-24 10:01:06+00:00,3,5,10,15,0,15
1526,b4d0c2cad214955143355acb493dba957015eb45,2023-10-25 04:42:03+00:00,8,50,49,99,0,54
1529,26799d529e1c0273a44b03b638e97098f7a5880b,2023-10-25 08:52:47+00:00,15,24,24,48,0,15
1530,26c7862064267c5041d14af63a999bb6c001b00f,2023-10-25 09:15:42+00:00,9,79,92,171,0,21
1531,e5944e062ed3eb27de13e81f496451aba8bf5a4d,2023-10-25 09:57:15+00:00,3,15,17,32,0,12
1532,2a684051ff1b14b728abb27d97e1934db717f6f4,2023-10-25 13:31:45+00:00,11,1,227,228,0,21
1537,533f14d782dc8f687600da278d0ff884d93dcd54,2023-10-26 08:04:35+00:00,3,28,33,61,0,3
1538,58c8dfaf44129ddaa3e8434f9f42c3b50bd725ba,2023-10-26 08:39:43+00:00,15,165,268,433,0,21
1539,6d087cdfd6138f12da0dda138b51b99678367e32,2023-10-26 08:54:58+00:00,5,16,18,34,0,0
1542,4f498e909ba7a2b2018bad8d033c9ac0f78a5a7d,2023-10-26 10:09:28+00:00,2,5,5,10,0,0
1543,d4f590b6ab329bdc28a9014dab1d75e063140b8e,2023-10-26 14:07:21+00:00,16,254,152,406,0,29
1546,1d18f7fbe1fa8b9287be11056a423daedea140a6,2023-10-27 03:12:43+00:00,3,27,35,62,0,40
1547,0f8e92425b0b5a4f798b397d2bca21091760ece6,2023-10-27 07:02:52+00:00,2,1,6,7,0,0
1553,8f854d3e46366098747b217ec845513e63190865,2023-10-30 03:05:37+00:00,5,76,93,169,0,51
1558,cddf570569ae630a482448d06f0a1df367e4f8c1,2023-10-30 06:37:02+00:00,18,212,1688,1900,0,11
1559,05f9db676e56950c9a3e84a4770f04a258a73ca2,2023-10-30 11:07:22+00:00,89,63,4883,4946,0,357
1560,dc7e171db052e6fb68f0540cd9309d40c7a76434,2023-10-30 12:22:02+00:00,3,19,21,40,0,14
1564,cde87fcaf09751ce1c744ec3fd3f0da8862a0415,2023-10-31 07:19:43+00:00,1,3,3,6,0,8
1565,189b3625d3a4167ccc4343056bab5be6553b2bbf,2023-10-31 08:42:10+00:00,7,16,180,196,0,28
1569,47a901e2db9d3ce6117f08371c08f594ecf8cf8a,2023-11-01 04:39:58+00:00,4,4,7,11,0,5
1570,ff9a0964f13757e5a10a054f2d12a4d21910acfe,2023-11-01 09:35:53+00:00,2,4,4,8,0,1
1575,4731ab85ec6dd4db908761409c3d9f783f4c18ea,2023-11-02 06:42:58+00:00,12,118,187,305,0,124
1576,0c6014d72d09d8456a14b3979574943f194a1f3b,2023-11-02 06:55:43+00:00,6,80,98,178,0,54
1577,241cc7897927ea5890962b876870dc4cb02f52d9,2023-11-02 07:59:20+00:00,2,2,2,4,0,7
1578,22b8dc7db9d84f1d2a03efd43ba48ac79171529b,2023-11-02 08:55:09+00:00,1,5,5,10,0,1
1579,baee7e6305d6aad5e96aa72ba4b8604ca1876eaa,2023-11-03 03:07:48+00:00,13,109,127,236,0,47
1582,929159ed2172b01f62a4f2d1c23051cbb3287b7e,2023-11-03 03:11:05+00:00,2,4,0,4,0,0
1583,eed2b899df9f5dab1fa8be35b6bf5e05dc44e99f,2023-11-03 03:17:14+00:00,2,16,20,36,0,23
1584,64c6c2aa01c543e88acba9dcd019885890575922,2023-11-03 03:50:47+00:00,10,57,84,141,0,61
1590,b4a6e99fdecdbfd49034c39884a63967dadf0f6f,2023-11-03 08:14:06+00:00,1,3,3,6,0,46
1591,bbefa0e374f836399583ea4de478e02318c7bb86,2023-11-03 09:32:13+00:00,2,0,15,15,0,1
1592,f9229f0deafea4aa6bd072af78db47fd6486746f,2023-11-03 10:37:37+00:00,1,3,2,5,0,8
1602,49d24e6996561ab65f6f52969928cde72bc29bdf,2023-11-06 07:38:08+00:00,1,1,1,2,0,2
1603,4faf0bc4d9b803b245dedef3d44318cdca8293c0,2023-11-06 07:39:23+00:00,4,3,10,13,0,27
1605,1985ea7515af81c49b1e8783df35bdb1be0d0ebb,2023-11-06 09:04:44+00:00,1,1,1,2,0,1
1606,45b466019984fa6329939b841dc362906033996e,2023-11-06 09:32:03+00:00,4,74,82,156,0,21
1607,c8223f84656c2207d79b57fdb8c9a37e6cc960ff,2023-11-06 09:40:37+00:00,24,318,436,754,0,286
1608,b328ce24c66f965c85971dbd6210a8d80809c322,2023-11-06 09:59:43+00:00,1,13,0,13,0,1
1609,47757b84b281a5e1caac71ded0a250b580385671,2023-11-06 16:22:41+00:00,1,4,8,12,0,2
1614,b30a46f7f56babd1a2ff8265557ff614ae70908e,2023-11-07 04:31:30+00:00,1,1,0,1,0,46
1615,fa5d5334e450997c24ced6745f40556c1f3c0e01,2023-11-07 14:03:54+00:00,13,125,692,817,0,94
1618,e73d4ded32df6cef1db131f4dcc1dba4c87a6f55,2023-11-08 07:57:22+00:00,6,18,24,42,0,6
1620,dfa20d82864f2d5a5e5804e02c1d946af2613c0d,2023-11-08 09:21:00+00:00,22,810,276,1086,0,0
1627,75b00c53c7cbd7b0a54179739e6498f2a357b920,2023-11-08 09:27:34+00:00,4,7,16,23,0,59
1628,5a6bc06aaf3d1d8ecf6a6e67b8a6f3a0f9edfc23,2023-11-08 10:14:01+00:00,1,8,8,16,0,0
1630,fbc850bb3d54b1b5967f283ad1c75ce1991c55eb,2023-11-09 00:37:43+00:00,2,4,6,10,0,0
1637,9dd8b9b71e4edc3a38b837fb101e930985fd2d59,2023-11-09 06:57:09+00:00,1,5,0,5,0,0
1641,cb5a0a9e17775e00f18292eea49ffcce87119ef2,2023-11-10 01:15:56+00:00,5,3,62,65,0,20
1642,98b54b84b5705151c5a6c440263e761823b0bb72,2023-11-10 02:53:33+00:00,3,11,19,30,0,3
1643,f470d6297da39a36a7ad7771c62d25bd23f6e7a8,2023-11-10 03:17:43+00:00,2,3,3,6,0,3
1644,8e99546fb4d48166ffc62191e01ce5072fe31bd2,2023-11-10 03:47:36+00:00,1,4,8,12,0,4
1647,f71904c2624cc68cf6a9249442e5fdbf2847012f,2023-11-10 08:29:17+00:00,23,78,101,179,0,168
1649,4e992a1325da53b8c0bcc17f7f12857da3aa2a67,2023-11-10 08:33:52+00:00,13,102,140,242,0,53
1652,99a7b168ae3f032cdcae8c0bc17b34c7c67b1abf,2023-11-11 00:00:37+00:00,1,2,2,4,0,0
1653,cb5cb66494f0231e7ee9b0704434e856eeb918b8,2023-11-11 04:44:54+00:00,1,10,12,22,0,5
1654,b22c68c5f06a622ae43f5fc8bbb7e5b6fe02d524,2023-11-13 07:02:47+00:00,27,11657,9999,21656,0,2
1655,3e855b31bd7cc2c73c898d4b8c86175154ec0a8f,2023-11-13 07:26:18+00:00,7,75,131,206,0,56
1656,965654bc42937941528bdffa1526b2f839dfc8dc,2023-11-13 07:40:23+00:00,1,2,2,4,0,5
1657,db049bc0738dd5c70bdc5634087c71cd6947ace3,2023-11-13 07:41:02+00:00,1,4,6,10,0,7
1661,19eff8951748a85f9de8c2f36f08951e9d225329,2023-11-13 23:29:56+00:00,87,222,337,559,0,403
1665,3c56d08317673e6576daf33e612ed7325ed1b7ac,2023-11-14 02:44:46+00:00,1,0,1,1,0,4
1667,52a0212d1e0eb670ff7062e2f3565a0bee0bcb4d,2023-11-14 03:54:13+00:00,1,9,9,18,0,2
1669,757c6d45e91954f5bb4c0e2143777385f252c4ff,2023-11-14 07:50:41+00:00,3,3,3,6,0,0
1672,dbcee4ce33ad657e721e789d3f685b6e1aed4bd5,2023-11-15 06:54:49+00:00,2,3,8,11,0,11
1673,54da61147e9291f1afdc73cc3259bd43f07bc3a8,2023-11-15 08:48:59+00:00,2,0,14,14,0,2
1674,64a5b947111335a849bbbd06cab214142e1413f2,2023-11-15 10:32:47+00:00,103,119,4503,4622,0,153
1675,bc3fa0dd4a0780f8dbd6b6fc01e942a52718ff32,2023-11-15 14:48:22+00:00,5,1,27,28,0,6
1676,4038b921675d1761e8caac9e1b39d4ba68c50143,2023-11-15 15:42:29+00:00,4,7,19,26,0,9
1677,a52543a4da9e9d0a37f0535bc4b4b3a80e746241,2023-11-16 02:27:35+00:00,1,0,1,1,0,4
1680,77d7ce224beb179eb30c06912414b1338875d1b3,2023-11-16 04:03:36+00:00,5,8,7,15,0,13
1681,393905e8df17a28f0545e5e3180bb398d757507c,2023-11-16 06:47:06+00:00,1,1,0,1,0,3
1682,2334ddff9f848b85cdca3aaf74b44dc9b9b0bdb6,2023-11-16 06:47:16+00:00,3,13,25,38,0,13
1684,b1db0cc1e9225bb70961953e97c24386eef88f81,2023-11-16 11:00:37+00:00,167,1148,5588,6736,0,683
1685,5d8abad1ac7b64908f21495a44cb5a34626150cb,2023-11-16 18:46:00+00:00,2,37,44,81,0,9
1689,46cacede58ba9faf561ab70107c98d819cedfc35,2023-11-17 10:32:27+00:00,18,45,264,309,0,75
1690,02332a804c2aea03cae324cc0e0216fb04d4dc13,2023-11-17 12:48:25+00:00,2,11,20,31,0,20
1695,3bda77beeb8c2484d9fca646df1178e5c937fea3,2023-11-20 02:56:59+00:00,3,25,32,57,0,11
1696,63bb02a0421a204ebe32693a71293598eebffacf,2023-11-20 03:29:36+00:00,15,84,135,219,0,95
1697,ac6ef44db880b1689a0669d82719d58996da3ca1,2023-11-20 03:42:42+00:00,1,0,1,1,0,0
1700,25bd3a6bae2811ca8a8b4319de64b3076773205f,2023-11-20 06:57:11+00:00,26,67,454,521,0,80
1703,ffedd70e97a07cf8f03bc76e669fb3637262cf7b,2023-11-21 09:21:03+00:00,1,4,1,5,0,4
1704,fd7a96a36e9b8d961addda39abee9fd62d638536,2023-11-22 01:22:52+00:00,7,6,205,211,0,4
1706,7bb6be07731d5a4639acd0e9dec6df5e1a87bbc5,2023-11-22 01:38:01+00:00,1,5,4,9,0,2
1709,e1413ef27ac7884070ecf8a6fd0ceb2fb704f882,2023-11-22 06:36:24+00:00,1,1,11,12,0,0
1710,59a26665995329251ddad837c0c4cf5e9ecdd0d6,2023-11-22 12:05:34+00:00,209,496,9583,10079,0,696
1711,ebb4f7b1ee69d83fd3bfeee5b6bd7f9084d3f9d7,2023-11-22 12:43:01+00:00,2,13,16,29,0,17
1712,74cc397d320ef07c572b4c81b7fe1a05c24feb56,2023-11-22 13:31:53+00:00,7,184,38,222,0,18
1713,adad7799f0f26fd117394a14b034a26930e92cb8,2023-11-22 14:18:33+00:00,7,40,86,126,0,7
1715,6e64063aaf3a4d3bf3aeb5fcc4c486569b6c474e,2023-11-22 15:03:01+00:00,4,35,19,54,0,10
1720,6cb13a807965e0be3ffbf015ad6d4494d0937cee,2023-11-23 03:03:39+00:00,1,1,1,2,0,2
1722,6316573298a9ed8e0cf8e5b340d0344150e253df,2023-11-23 07:09:08+00:00,1,4,11,15,0,2
1723,7248f90351b1517196e551cf4702d1ac59823d27,2023-11-23 08:45:55+00:00,1,3,8,11,0,6
1724,f627d6ece9bb7a4a10047fd7a8bed8ea108b72e1,2023-11-23 10:48:05+00:00,1,1,1,2,0,0
1731,2be330fd188434765f762a398fc1e9e0c90e73bb,2023-11-24 03:48:40+00:00,3,13,25,38,0,3
1733,7916ba5fd5f70a95f7985e0dbc95da8eaa38a1dc,2023-11-24 07:20:56+00:00,3,12,12,24,0,4
1737,eb2333554016211fd6debf8fc185556414715c37,2023-11-27 06:50:37+00:00,2,9,10,19,0,51
1738,cd5c4d0ce40bd7ab9c6a74885ad94fee1fbd4e12,2023-11-27 07:08:47+00:00,16,437,122,559,0,35
1740,9628212e8097a4d930987c31fea97bfcf2b7891d,2023-11-27 08:28:26+00:00,1,19,28,47,0,19
1741,a016ea8ee0827e17e5cd6e2dcb03e09bf9c05cd3,2023-11-27 11:18:13+00:00,3,4,18,22,0,2
1742,42e4f4a7d77d9a4180f633c476e1e2dc2ae2527a,2023-11-27 11:35:07+00:00,1,71,90,161,0,0
1748,0832f28d87e649b52b32cfe874f2d28e010356f4,2023-11-28 03:31:50+00:00,1,2,2,4,0,0
1749,2bb70e602c090a781c90da3b9436f6eab09a96b8,2023-11-28 09:46:45+00:00,3,0,24,24,0,0
1750,3ca5f4252f15f2f1adec4c3c3a08b87be67a2442,2023-11-28 13:59:09+00:00,1,0,28,28,0,0
1755,deb779d0f491023e7ec322d2e0befdceec4363af,2023-11-29 02:55:31+00:00,1,1,1,2,0,13
1756,856b15d72c2610cae537ea384a382179baa57904,2023-11-29 04:20:42+00:00,2,0,66,66,0,0
1758,789c8c59bf90de619220eaef07e2ae28c5419054,2023-11-29 07:39:50+00:00,1,1,1,2,0,12
1759,95c5fb6cd545c52ea0acc37c2f38cbe9b280ebe8,2023-11-29 08:51:50+00:00,4,2,11,13,0,23
1760,761e8523e482c6a3fe4872001d597bb0e5d6bb4f,2023-11-29 10:24:38+00:00,5,47,74,121,0,36
1761,6e2a66674dbae9c5f9aa2c175572c278245b021e,2023-11-29 10:53:45+00:00,1,3,3,6,0,1
1762,d49876b0e8f86b89c665fdf2414881659a441d40,2023-11-29 13:26:14+00:00,1,6,15,21,0,1
1765,c80c7604f2b8cb9bfd97279a67a4608113ba0293,2023-11-30 04:07:03+00:00,2,12,19,31,0,34
1767,cc75d613d0398a26725b7cb41b3584b04ab39ae7,2023-11-30 06:19:37+00:00,1,5,12,17,0,2
1768,8c57b47a99d18ff0ef75b0b8623846a12db97ac3,2023-11-30 06:20:50+00:00,1,3,2,5,0,1
1772,e84e967d26c00f065d116c9679049b6300f0d53d,2023-12-01 03:38:21+00:00,48,508,1140,1648,0,153
1775,b51e6cbfa9ce18f7d23bbc6a0f1e65299e0dea44,2023-12-01 08:33:25+00:00,1,0,1,1,0,0
1776,363e4cfb113caf93bc09a75c02a73244fe93bac7,2023-12-01 09:31:01+00:00,2,60,177,237,0,22
1781,cd05c8ea62a9559b08aa1a7443a9c21bb4d39934,2023-12-02 15:36:13+00:00,1,5,35,40,0,8
1789,ee44a0ec8f816f936d693d5058a7427a7de1bdc5,2023-12-04 12:29:08+00:00,1,9,9,18,0,1
1790,4e6c1ec9f593573c5a92df1655bd290216ca333c,2023-12-04 13:19:17+00:00,2,2,17,19,0,0
1794,3d1414eefc7de46a561c9fe3187c010ef303b378,2023-12-05 02:46:46+00:00,3,23,59,82,0,48
1801,63806e64aaed327133233bae2c7062eb0d4d2645,2023-12-06 10:01:19+00:00,46,107,2999,3106,0,177
1802,362e64ef2d6a102175b587b0acc255d01488b666,2023-12-06 10:19:25+00:00,3,0,20,20,0,1
1803,2ca2ed61f762a1d0b0f7e67ebd700ca75ba65f09,2023-12-06 10:50:06+00:00,10,1,272,273,0,5
1806,409ef8a2cb7af8c4ba5742e85dfbe9706b9f9bef,2023-12-07 02:36:07+00:00,5,41,63,104,0,21
1811,7b7fc8c800f684f24ea4061baa3fac701926df37,2023-12-08 02:29:31+00:00,12,2,285,287,0,14
1812,6098ca93fbaaadf884a5f76134ab266176b719d1,2023-12-08 04:58:11+00:00,1,4,6,10,0,2
1813,f1211bf565e96728699143dbe5ac57368386b1b7,2023-12-08 07:52:43+00:00,1,1,1,2,0,0
1815,6e82f1c46ee60f3e66dfc94e0ad1ddc0429e5d44,2023-12-08 08:22:16+00:00,4,30,32,62,0,44
1816,7506094a8150d402323385c4e006a6f99ead102d,2023-12-08 09:54:05+00:00,8,158,266,424,0,9
1817,9a935d8cb873411dac7d94ab31ba5a1853fe3548,2023-12-08 11:46:01+00:00,1,7,7,14,0,2
1818,567d230ee97995b516e175b379a01e0f70b5d062,2023-12-08 12:32:00+00:00,19,41,206,247,0,31
1819,cf6ea6af47a46239ad74c9877864dc1483d1e970,2023-12-12 02:51:10+00:00,1,1,0,1,0,3
1821,7648f51dd94ea24948f60e4c5e97620cb592369b,2023-12-12 03:14:53+00:00,1,2,2,4,0,0
1822,2276608c9424ccd2ce8b4ca97188eb14b3c1b6d4,2023-12-12 03:25:21+00:00,7,128,162,290,0,26
1823,be872b73c4c494ee64acb317632a915eb8c2fc80,2023-12-12 06:50:06+00:00,1,3,11,14,0,1
1824,0ed519bc03143a861f3915bfab2808a09c8832a2,2023-12-12 06:58:42+00:00,1,3,3,6,0,0
1825,fc673547c9708a4cad118776b859dbc9d72c3694,2023-12-12 10:53:49+00:00,2,1,17,18,0,58
1828,ada37cc08fb8c64fa2384ab03f156ab7319b0750,2023-12-12 12:24:23+00:00,1,0,38,38,0,0
1829,f47866c568916644a9afd06cd3e2ab4f5158b00f,2023-12-12 13:21:04+00:00,4,13,24,37,0,15
1835,efced5032842ee5cec571860e9214a464d5e8d33,2023-12-13 09:31:59+00:00,20,107,306,413,0,24
1836,41fd3c9cfe2a5d6c323fb430e1aa4dbcc95aac4e,2023-12-13 16:01:18+00:00,3,17,55,72,0,24
1837,ef8ea2f5dafaa38a9fa1189d3674b97b0eab3a75,2023-12-14 01:35:03+00:00,19,98,19,117,0,34
1839,fb014c1e9a45df237c05797312063a99a5135699,2023-12-14 04:52:47+00:00,2,2,2,4,0,6
1840,b9d919aeed2353789fc5bc52257d4e0c85ec4715,2023-12-14 06:45:30+00:00,2,9,14,23,0,2
1841,8ad32e1a674988de79d44e576c39088303b37fad,2023-12-14 06:55:51+00:00,23,289,88,377,0,60
1843,e854e7424d18c5558731af65c54a59cacc9b0b2e,2023-12-14 08:03:39+00:00,19,638,112,750,0,4
1845,4237bb3f27f46c248c24eb855448b6d3cc282b50,2023-12-14 08:41:14+00:00,2,0,30,30,0,1
1846,802a2a04299daaeb9a393834a442f1ab6afc2182,2023-12-14 08:44:05+00:00,17,38,204,242,0,76
1847,9ae7b02ba1215865c4e3bd4a07638473f28615ce,2023-12-14 13:47:58+00:00,10,56,455,511,0,28
1850,7313dafb200d8b46465ba6b1b82d95417dd6cd85,2023-12-14 14:38:26+00:00,3,4,26,30,0,0
1854,eed44b2d2aa9f2174f898be0c4e459e17b0bd883,2023-12-15 02:49:56+00:00,5,33,55,88,0,22
1856,013e642c96701da140d9c26d8deb12723b63124b,2023-12-15 09:57:29+00:00,2,7,12,19,0,6
1858,35fc5fbcc941205099498932b5e683102d2945ad,2023-12-18 05:37:15+00:00,2,0,18,18,0,2
1861,5df34e566f21c315e63d44860b7f51c56cdb4a18,2023-12-18 05:49:48+00:00,5,5,5,10,0,0
1862,ad34577c1766fa2cf04f931cf6cc25f2e1a50a0c,2023-12-18 07:23:32+00:00,5,22,28,50,0,6
1863,8d64439449209e5024c8af9215432b92808e4182,2023-12-18 07:24:31+00:00,4,21,151,172,0,0
1864,5b17628332e3f5e71e424b9df513ee169d4d71cf,2023-12-18 07:29:31+00:00,1,20,22,42,0,20
1865,fda26caecc24c3818d5059e254e15ebc640e10c1,2023-12-18 07:30:21+00:00,2,10,16,26,0,2
1868,e39632abf545492a4b96a98942b8a0949bd41767,2023-12-18 12:34:53+00:00,32,524,785,1309,0,368
1869,321d05f50a9d07b6b570d4388c6ccd2bb3a11c82,2023-12-18 12:45:57+00:00,5,6,29,35,0,8
1870,b0c15f8634bdf2bf93fee8d0f3e6461974c6ba63,2023-12-18 12:53:34+00:00,1,1,1,2,0,1
1871,c10bc6ad1bec30ac9b1eb78c51509fdfc6204a2d,2023-12-18 15:34:41+00:00,15,85,144,229,0,15
1872,3c9356052498c99a1331aaef959bd031d86c8438,2023-12-18 16:59:43+00:00,1,0,5,5,0,0
1877,c66e3a0be58fa29cf8fdb73008818f363fc256bc,2023-12-19 02:31:54+00:00,5,17,17,34,0,0
1878,c5d075eb5be8f8ed36bcf85d7aae9f8c4f3e27a3,2023-12-19 02:38:23+00:00,1,2,0,2,0,4
1879,2828771702193bed3b3d7afbf829f3e614c20b2c,2023-12-19 05:01:47+00:00,3,37,66,103,0,66
1880,b434a4faff7f3dd21c56f685abb1908c1163f4de,2023-12-19 06:24:31+00:00,3,1,23,24,0,1
1881,0ab31e155d594ead34af4a7eb2177a67ec7f005c,2023-12-19 06:38:23+00:00,1,3,3,6,0,4
1883,05df3ae220d0ab42310f884cfdbc427f93693bd1,2023-12-19 07:13:42+00:00,2,30,39,69,0,18
1884,0eb758f0142fecf0246d52ee560771e306be154e,2023-12-19 11:47:12+00:00,1,0,19,19,0,0
1885,40fe6fb7de804cf199e21c73c945cbc79020188e,2023-12-19 14:04:11+00:00,1,1,1,2,0,0
1886,e8413760707dd1fd04a1eff3fac9ea7469d9c7e6,2023-12-19 17:06:56+00:00,2,10,37,47,0,4
1892,f079d1733041f341afb8fbf4f15b66b51cb4980d,2023-12-20 04:33:09+00:00,5,13,304,317,0,25
1894,580bde10cf7ed4b1a02e5844b072d84efb58ebee,2023-12-20 08:42:18+00:00,5,23,271,294,0,35
1914,11e87b67e123d56e5afe3200790700eced5bfee7,2023-12-22 06:48:14+00:00,12,56,87,143,0,31
1915,c656f19923eb873f5883d8bc359ac259053413c0,2023-12-22 06:48:34+00:00,10,39,133,172,0,71
1925,8d9ab4861cabdfe6e5c39730594911781f6f7287,2023-12-25 05:13:41+00:00,40,218,958,1176,0,201
1996,feea66a6fced4e21e12bbe20f775561bf47bf186,2024-01-03 13:12:48+00:00,135,1342,2591,3933,0,752
2028,488e08ac50285e0efbeb6588184cd598be0b48fd,2024-01-09 04:05:32+00:00,3,45,50,95,0,12
2029,4e0f034a0129e9800b572fa5fda4453130733d07,2024-01-09 04:44:12+00:00,2,323,5,328,0,0
2031,efa27e63fc5c85714a5ba8dc2b9420072465d979,2024-01-09 12:26:31+00:00,5,14,27,41,0,48
2131,aac9d3bc26d18b4f60a760729711c7805906fbec,2024-01-24 06:22:16+00:00,1,13,22,35,0,53
2304,b19445c911ab8b1462d2bcc1298ebc21a84391a4,2024-02-21 03:33:19+00:00,15,68,212,280,0,26
